OID;VIN;SPZ_TIRBAZAR;SPZ_UNIQA;STATUS;DETAIL
19456;7062;;;CHYBÍ V UNIQA;Aktivní vozidlo nebylo nalezeno v UNIQA ani v Allianz. V Allianz byl nejprve hledán VIN a následně SPZ jako sekundární identifikátor.
16158;JMZNB2WPJN6M47390;8A75134;;CHYBÍ V UNIQA;Aktivní vozidlo nebylo nalezeno v UNIQA ani v Allianz. V Allianz byl nejprve hledán VIN a následně SPZ jako sekundární identifikátor.
17022;TMBAG7NE6J0354183;6AZ9765;;CHYBÍ V UNIQA;Aktivní vozidlo nebylo nalezeno v UNIQA ani v Allianz. V Allianz byl nejprve hledán VIN a následně SPZ jako sekundární identifikátor.
19011;TMBAG8NX5SM023709;1AIM867;;CHYBÍ V UNIQA;Aktivní vozidlo nebylo nalezeno v UNIQA ani v Allianz. V Allianz byl nejprve hledán VIN a následně SPZ jako sekundární identifikátor.
16660;TMBAJ6NH1F4021301;4AL1387;;CHYBÍ V UNIQA;Aktivní vozidlo nebylo nalezeno v UNIQA ani v Allianz. V Allianz byl nejprve hledán VIN a následně SPZ jako sekundární identifikátor.
19896;VF1FL000876747336;;;CHYBÍ V UNIQA;Aktivní vozidlo nebylo nalezeno v UNIQA ani v Allianz. V Allianz byl nejprve hledán VIN a následně SPZ jako sekundární identifikátor.
19998;VF1RDB00475802828;;;CHYBÍ V UNIQA;Aktivní vozidlo nebylo nalezeno v UNIQA ani v Allianz. V Allianz byl nejprve hledán VIN a následně SPZ jako sekundární identifikátor.
19789;VF1RDB00575199937;;;CHYBÍ V UNIQA;Aktivní vozidlo nebylo nalezeno v UNIQA ani v Allianz. V Allianz byl nejprve hledán VIN a následně SPZ jako sekundární identifikátor.
19788;VF1RDB00975199942;;;CHYBÍ V UNIQA;Aktivní vozidlo nebylo nalezeno v UNIQA ani v Allianz. V Allianz byl nejprve hledán VIN a následně SPZ jako sekundární identifikátor.
19904;VF1VB000169836130;9AR3683;;CHYBÍ V UNIQA;Aktivní vozidlo nebylo nalezeno v UNIQA ani v Allianz. V Allianz byl nejprve hledán VIN a následně SPZ jako sekundární identifikátor.
19905;VF1VB000269836119;9AR5623;;CHYBÍ V UNIQA;Aktivní vozidlo nebylo nalezeno v UNIQA ani v Allianz. V Allianz byl nejprve hledán VIN a následně SPZ jako sekundární identifikátor.
19906;VF1VB000369836128;9AS0732;;CHYBÍ V UNIQA;Aktivní vozidlo nebylo nalezeno v UNIQA ani v Allianz. V Allianz byl nejprve hledán VIN a následně SPZ jako sekundární identifikátor.
19903;VF1VB000469836137;9AR7894;;CHYBÍ V UNIQA;Aktivní vozidlo nebylo nalezeno v UNIQA ani v Allianz. V Allianz byl nejprve hledán VIN a následně SPZ jako sekundární identifikátor.
19902;VF1VB000569836115;9AS0701;;CHYBÍ V UNIQA;Aktivní vozidlo nebylo nalezeno v UNIQA ani v Allianz. V Allianz byl nejprve hledán VIN a následně SPZ jako sekundární identifikátor.
19907;VF1VB000569836132;9AR3682;;CHYBÍ V UNIQA;Aktivní vozidlo nebylo nalezeno v UNIQA ani v Allianz. V Allianz byl nejprve hledán VIN a následně SPZ jako sekundární identifikátor.
19908;VF1VB000669836141;9AR3681;;CHYBÍ V UNIQA;Aktivní vozidlo nebylo nalezeno v UNIQA ani v Allianz. V Allianz byl nejprve hledán VIN a následně SPZ jako sekundární identifikátor.
19909;VF1VB000769836116;9AS3697;;CHYBÍ V UNIQA;Aktivní vozidlo nebylo nalezeno v UNIQA ani v Allianz. V Allianz byl nejprve hledán VIN a následně SPZ jako sekundární identifikátor.
19910;VF1VB000869836139;9AS3726;;CHYBÍ V UNIQA;Aktivní vozidlo nebylo nalezeno v UNIQA ani v Allianz. V Allianz byl nejprve hledán VIN a následně SPZ jako sekundární identifikátor.
19911;VF1VB000869836142;9AS3727;;CHYBÍ V UNIQA;Aktivní vozidlo nebylo nalezeno v UNIQA ani v Allianz. V Allianz byl nejprve hledán VIN a následně SPZ jako sekundární identifikátor.
19912;VF1VB000969836117;9AS3725;;CHYBÍ V UNIQA;Aktivní vozidlo nebylo nalezeno v UNIQA ani v Allianz. V Allianz byl nejprve hledán VIN a následně SPZ jako sekundární identifikátor.
19913;VF1VB000969836134;9AS3698;;CHYBÍ V UNIQA;Aktivní vozidlo nebylo nalezeno v UNIQA ani v Allianz. V Allianz byl nejprve hledán VIN a následně SPZ jako sekundární identifikátor.
19958;VF3YBTMGB12264076;;;CHYBÍ V UNIQA;Aktivní vozidlo nebylo nalezeno v UNIQA ani v Allianz. V Allianz byl nejprve hledán VIN a následně SPZ jako sekundární identifikátor.
19959;VF3YBTMGB12266888;;;CHYBÍ V UNIQA;Aktivní vozidlo nebylo nalezeno v UNIQA ani v Allianz. V Allianz byl nejprve hledán VIN a následně SPZ jako sekundární identifikátor.
18609;VF6MK000154439390;3SU8439;;CHYBÍ V UNIQA;Aktivní vozidlo nebylo nalezeno v UNIQA ani v Allianz. V Allianz byl nejprve hledán VIN a následně SPZ jako sekundární identifikátor.
19323;VF7YD2MAU12G97504;1ARF339;;CHYBÍ V UNIQA;Aktivní vozidlo nebylo nalezeno v UNIQA ani v Allianz. V Allianz byl nejprve hledán VIN a následně SPZ jako sekundární identifikátor.
19693;VF7YDUMAU12920472;;;CHYBÍ V UNIQA;Aktivní vozidlo nebylo nalezeno v UNIQA ani v Allianz. V Allianz byl nejprve hledán VIN a následně SPZ jako sekundární identifikátor.
19690;VXEYCBPHU12W60687;;;CHYBÍ V UNIQA;Aktivní vozidlo nebylo nalezeno v UNIQA ani v Allianz. V Allianz byl nejprve hledán VIN a následně SPZ jako sekundární identifikátor.
16518;WAUZZZ8E05A553490;8AZ0708;;CHYBÍ V UNIQA;Aktivní vozidlo nebylo nalezeno v UNIQA ani v Allianz. V Allianz byl nejprve hledán VIN a následně SPZ jako sekundární identifikátor.
18165;WBA21EN0909U13975;1ABC701;;CHYBÍ V UNIQA;Aktivní vozidlo nebylo nalezeno v UNIQA ani v Allianz. V Allianz byl nejprve hledán VIN a následně SPZ jako sekundární identifikátor.
19572;WDB9061551N483553;;;CHYBÍ V UNIQA;Aktivní vozidlo nebylo nalezeno v UNIQA ani v Allianz. V Allianz byl nejprve hledán VIN a následně SPZ jako sekundární identifikátor.
19510;WDB9061551N580116;;;CHYBÍ V UNIQA;Aktivní vozidlo nebylo nalezeno v UNIQA ani v Allianz. V Allianz byl nejprve hledán VIN a následně SPZ jako sekundární identifikátor.
19604;WDB9061551N620103;;;CHYBÍ V UNIQA;Aktivní vozidlo nebylo nalezeno v UNIQA ani v Allianz. V Allianz byl nejprve hledán VIN a následně SPZ jako sekundární identifikátor.
19557;WF01XXTTG1NP05778;;;CHYBÍ V UNIQA;Aktivní vozidlo nebylo nalezeno v UNIQA ani v Allianz. V Allianz byl nejprve hledán VIN a následně SPZ jako sekundární identifikátor.
19556;WF01XXTTG1NP05780;;;CHYBÍ V UNIQA;Aktivní vozidlo nebylo nalezeno v UNIQA ani v Allianz. V Allianz byl nejprve hledán VIN a následně SPZ jako sekundární identifikátor.
19608;WF0EXXTTRENT89570;9AL4555;;CHYBÍ V UNIQA;Aktivní vozidlo nebylo nalezeno v UNIQA ani v Allianz. V Allianz byl nejprve hledán VIN a následně SPZ jako sekundární identifikátor.
19698;WF0FXXTTGFGS09065;4SR7326;;CHYBÍ V UNIQA;Aktivní vozidlo nebylo nalezeno v UNIQA ani v Allianz. V Allianz byl nejprve hledán VIN a následně SPZ jako sekundární identifikátor.
17897;WF0SXXWPGSKD62492;;;CHYBÍ V UNIQA;Aktivní vozidlo nebylo nalezeno v UNIQA ani v Allianz. V Allianz byl nejprve hledán VIN a následně SPZ jako sekundární identifikátor.
19520;WF0XXXTTFXAG23241;3AV8381;;CHYBÍ V UNIQA;Aktivní vozidlo nebylo nalezeno v UNIQA ani v Allianz. V Allianz byl nejprve hledán VIN a následně SPZ jako sekundární identifikátor.
13333;ZCFC357130D452230;;;CHYBÍ V UNIQA;Aktivní vozidlo nebylo nalezeno v UNIQA ani v Allianz. V Allianz byl nejprve hledán VIN a následně SPZ jako sekundární identifikátor.
15218;ZCFC3571605917989;BL018TB;;CHYBÍ V UNIQA;Aktivní vozidlo nebylo nalezeno v UNIQA ani v Allianz. V Allianz byl nejprve hledán VIN a následně SPZ jako sekundární identifikátor.
15225;ZCFC3571605950229;BL930FJ;;CHYBÍ V UNIQA;Aktivní vozidlo nebylo nalezeno v UNIQA ani v Allianz. V Allianz byl nejprve hledán VIN a následně SPZ jako sekundární identifikátor.
3530;ZCFC3590005509386;4AA6455;;CHYBÍ V UNIQA;Aktivní vozidlo nebylo nalezeno v UNIQA ani v Allianz. V Allianz byl nejprve hledán VIN a následně SPZ jako sekundární identifikátor.
19931;ZCFC40A500D464895;;;CHYBÍ V UNIQA;Aktivní vozidlo nebylo nalezeno v UNIQA ani v Allianz. V Allianz byl nejprve hledán VIN a následně SPZ jako sekundární identifikátor.
19291;ZCFC465A505230893;5E91750;;CHYBÍ V UNIQA;Aktivní vozidlo nebylo nalezeno v UNIQA ani v Allianz. V Allianz byl nejprve hledán VIN a následně SPZ jako sekundární identifikátor.
19056;ZCFC465A705230894;6E12360;;CHYBÍ V UNIQA;Aktivní vozidlo nebylo nalezeno v UNIQA ani v Allianz. V Allianz byl nejprve hledán VIN a následně SPZ jako sekundární identifikátor.
19930;ZCFCE35B40D762601;;;CHYBÍ V UNIQA;Aktivní vozidlo nebylo nalezeno v UNIQA ani v Allianz. V Allianz byl nejprve hledán VIN a následně SPZ jako sekundární identifikátor.
19900;ZCFCG35A305446859;9AH7886;;CHYBÍ V UNIQA;Aktivní vozidlo nebylo nalezeno v UNIQA ani v Allianz. V Allianz byl nejprve hledán VIN a následně SPZ jako sekundární identifikátor.
19573;ZCFCG35A70D662705;;;CHYBÍ V UNIQA;Aktivní vozidlo nebylo nalezeno v UNIQA ani v Allianz. V Allianz byl nejprve hledán VIN a následně SPZ jako sekundární identifikátor.
19590;ZCFCG35AX0D662570;;;CHYBÍ V UNIQA;Aktivní vozidlo nebylo nalezeno v UNIQA ani v Allianz. V Allianz byl nejprve hledán VIN a následně SPZ jako sekundární identifikátor.
19901;ZCFCH35A005446508;9AH7885;;CHYBÍ V UNIQA;Aktivní vozidlo nebylo nalezeno v UNIQA ani v Allianz. V Allianz byl nejprve hledán VIN a následně SPZ jako sekundární identifikátor.
19922;ZCFCL35A005560961;1ACJ405;;CHYBÍ V UNIQA;Aktivní vozidlo nebylo nalezeno v UNIQA ani v Allianz. V Allianz byl nejprve hledán VIN a následně SPZ jako sekundární identifikátor.
19915;ZCFCL35A005564668;1AAK764;;CHYBÍ V UNIQA;Aktivní vozidlo nebylo nalezeno v UNIQA ani v Allianz. V Allianz byl nejprve hledán VIN a následně SPZ jako sekundární identifikátor.
19919;ZCFCL35A305566754;1ADE689;;CHYBÍ V UNIQA;Aktivní vozidlo nebylo nalezeno v UNIQA ani v Allianz. V Allianz byl nejprve hledán VIN a následně SPZ jako sekundární identifikátor.
19916;ZCFCL35A605565078;1AAX963;;CHYBÍ V UNIQA;Aktivní vozidlo nebylo nalezeno v UNIQA ani v Allianz. V Allianz byl nejprve hledán VIN a následně SPZ jako sekundární identifikátor.
19923;ZCFCL35A705561329;1ABK250;;CHYBÍ V UNIQA;Aktivní vozidlo nebylo nalezeno v UNIQA ani v Allianz. V Allianz byl nejprve hledán VIN a následně SPZ jako sekundární identifikátor.
19914;ZCFCL35A705563887;1AAK755;;CHYBÍ V UNIQA;Aktivní vozidlo nebylo nalezeno v UNIQA ani v Allianz. V Allianz byl nejprve hledán VIN a následně SPZ jako sekundární identifikátor.
19917;ZCFCL35A705565896;1ACC124;;CHYBÍ V UNIQA;Aktivní vozidlo nebylo nalezeno v UNIQA ani v Allianz. V Allianz byl nejprve hledán VIN a následně SPZ jako sekundární identifikátor.
19921;ZCFCL35A705568216;1ABT145;;CHYBÍ V UNIQA;Aktivní vozidlo nebylo nalezeno v UNIQA ani v Allianz. V Allianz byl nejprve hledán VIN a následně SPZ jako sekundární identifikátor.
19918;ZCFCL35A805566300;1ADB491;;CHYBÍ V UNIQA;Aktivní vozidlo nebylo nalezeno v UNIQA ani v Allianz. V Allianz byl nejprve hledán VIN a následně SPZ jako sekundární identifikátor.
19924;ZCFCL35A905563888;1AAX960;;CHYBÍ V UNIQA;Aktivní vozidlo nebylo nalezeno v UNIQA ani v Allianz. V Allianz byl nejprve hledán VIN a následně SPZ jako sekundární identifikátor.
19920;ZCFCL35A905568217;1ABF288;;CHYBÍ V UNIQA;Aktivní vozidlo nebylo nalezeno v UNIQA ani v Allianz. V Allianz byl nejprve hledán VIN a následně SPZ jako sekundární identifikátor.
19979;ZFA25000001959443;2E66778;;CHYBÍ V UNIQA;Aktivní vozidlo nebylo nalezeno v UNIQA ani v Allianz. V Allianz byl nejprve hledán VIN a následně SPZ jako sekundární identifikátor.
18948;ZFA25000002J95632;6J86203;;CHYBÍ V UNIQA;Aktivní vozidlo nebylo nalezeno v UNIQA ani v Allianz. V Allianz byl nejprve hledán VIN a následně SPZ jako sekundární identifikátor.
19022;VF1FL000559336858;6AN4867;6AN4867;PRODANÉ, ALE V UNIQA;Vozidlo má v TIRBazar DatumProdeje, ale VIN je stále veden mezi aktivními vozidly UNIQA.
19689;VF1VBU4Y254588923;1TT4562;1TT4562;PRODANÉ, ALE V UNIQA;Vozidlo má v TIRBazar DatumProdeje, ale VIN je stále veden mezi aktivními vozidly UNIQA.
19664;VF3YC3MFC12L93692;6M95528;6M95528;PRODANÉ, ALE V UNIQA;Vozidlo má v TIRBazar DatumProdeje, ale VIN je stále veden mezi aktivními vozidly UNIQA.
19565;VF7XS9HUCAZ000872;4E05973;4E05973;PRODANÉ, ALE V UNIQA;Vozidlo má v TIRBazar DatumProdeje, ale VIN je stále veden mezi aktivními vozidly UNIQA.
19894;WDB9076371P177522;6Z77009;6Z77009;PRODANÉ, ALE V UNIQA;Vozidlo má v TIRBazar DatumProdeje, ale VIN je stále veden mezi aktivními vozidly UNIQA.
19806;WMA04VUY0T9008491;1ALN459;1ALN459;PRODANÉ, ALE V UNIQA;Vozidlo má v TIRBazar DatumProdeje, ale VIN je stále veden mezi aktivními vozidly UNIQA.
19274;WV1ZZZ2DZ6H020410;6AP3853;6AP3853;PRODANÉ, ALE V UNIQA;Vozidlo má v TIRBazar DatumProdeje, ale VIN je stále veden mezi aktivními vozidly UNIQA.
18826;WV3ZZZSZ2P9063049;1AMR104;;PRODANÉ, ALE V UNIQA;Vozidlo má v TIRBazar DatumProdeje, ale VIN je stále veden mezi aktivními vozidly UNIQA.
19763;ZCFC135B505157069;8AL0968;8AL0968;PRODANÉ, ALE V UNIQA;Vozidlo má v TIRBazar DatumProdeje, ale VIN je stále veden mezi aktivními vozidly UNIQA.
19811;ZCFC135B705238414;7AV6756;7AV6756;PRODANÉ, ALE V UNIQA;Vozidlo má v TIRBazar DatumProdeje, ale VIN je stále veden mezi aktivními vozidly UNIQA.
19769;ZCFC135B905294824;8AX5281;8AX5281;PRODANÉ, ALE V UNIQA;Vozidlo má v TIRBazar DatumProdeje, ale VIN je stále veden mezi aktivními vozidly UNIQA.
19779;ZCFC135D905134704;6H77175;6H77175;PRODANÉ, ALE V UNIQA;Vozidlo má v TIRBazar DatumProdeje, ale VIN je stále veden mezi aktivními vozidly UNIQA.
19692;ZCFC150C405108084;4SA2325;4SA2325;PRODANÉ, ALE V UNIQA;Vozidlo má v TIRBazar DatumProdeje, ale VIN je stále veden mezi aktivními vozidly UNIQA.
19871;ZFA25000002810419;8U16701;8U16701;PRODANÉ, ALE V UNIQA;Vozidlo má v TIRBazar DatumProdeje, ale VIN je stále veden mezi aktivními vozidly UNIQA.
;3MZBN64560M303679;;;NAVÍC V UNIQA;VIN je mezi aktivními vozidly UNIQA, ale v TIRBazar nebyl nalezen mezi vozidly s výkupem ani mezi vozidly vykoupenými z komise.
;KMFAB17RPJK015024;;6E34970;NAVÍC V UNIQA;VIN je mezi aktivními vozidly UNIQA, ale v TIRBazar nebyl nalezen mezi vozidly s výkupem ani mezi vozidly vykoupenými z komise.
;RP8M79100FV010737;;9A3781;NAVÍC V UNIQA;VIN je mezi aktivními vozidly UNIQA, ale v TIRBazar nebyl nalezen mezi vozidly s výkupem ani mezi vozidly vykoupenými z komise.
;TMBAG7NX9MY173716;;8AS7938;NAVÍC V UNIQA;VIN je mezi aktivními vozidly UNIQA, ale v TIRBazar nebyl nalezen mezi vozidly s výkupem ani mezi vozidly vykoupenými z komise.
;TMBCJ9NP9L7023454;;;NAVÍC V UNIQA;VIN je mezi aktivními vozidly UNIQA, ale v TIRBazar nebyl nalezen mezi vozidly s výkupem ani mezi vozidly vykoupenými z komise.
;TMBGH25J6A3035856;;1AJ9794;NAVÍC V UNIQA;VIN je mezi aktivními vozidly UNIQA, ale v TIRBazar nebyl nalezen mezi vozidly s výkupem ani mezi vozidly vykoupenými z komise.
;VF1JK04A637708981;;9A50146;NAVÍC V UNIQA;VIN je mezi aktivními vozidly UNIQA, ale v TIRBazar nebyl nalezen mezi vozidly s výkupem ani mezi vozidly vykoupenými z komise.
;VF1MA000664850892;;8P53133;NAVÍC V UNIQA;VIN je mezi aktivními vozidly UNIQA, ale v TIRBazar nebyl nalezen mezi vozidly s výkupem ani mezi vozidly vykoupenými z komise.
;VF34C9HZH55354110;;7AF4604;NAVÍC V UNIQA;VIN je mezi aktivními vozidly UNIQA, ale v TIRBazar nebyl nalezen mezi vozidly s výkupem ani mezi vozidly vykoupenými z komise.
;VF3YD3MAU12K47385;;6E51100;NAVÍC V UNIQA;VIN je mezi aktivními vozidly UNIQA, ale v TIRBazar nebyl nalezen mezi vozidly s výkupem ani mezi vozidly vykoupenými z komise.
;VF611A162ED003162;;3SE4137;NAVÍC V UNIQA;VIN je mezi aktivními vozidly UNIQA, ale v TIRBazar nebyl nalezen mezi vozidly s výkupem ani mezi vozidly vykoupenými z komise.
;VF7FC8HXB26694106;;1SF0040;NAVÍC V UNIQA;VIN je mezi aktivními vozidly UNIQA, ale v TIRBazar nebyl nalezen mezi vozidly s výkupem ani mezi vozidly vykoupenými z komise.
;VNKKG92320A265116;;1AS2333;NAVÍC V UNIQA;VIN je mezi aktivními vozidly UNIQA, ale v TIRBazar nebyl nalezen mezi vozidly s výkupem ani mezi vozidly vykoupenými z komise.
;W09AWZ111EAW35106;;8U07564;NAVÍC V UNIQA;VIN je mezi aktivními vozidly UNIQA, ale v TIRBazar nebyl nalezen mezi vozidly s výkupem ani mezi vozidly vykoupenými z komise.
;W0L0ZCF3571097682;;3B12943;NAVÍC V UNIQA;VIN je mezi aktivními vozidly UNIQA, ale v TIRBazar nebyl nalezen mezi vozidly s výkupem ani mezi vozidly vykoupenými z komise.
;W1NWH5AB6SX047231;;;NAVÍC V UNIQA;VIN je mezi aktivními vozidly UNIQA, ale v TIRBazar nebyl nalezen mezi vozidly s výkupem ani mezi vozidly vykoupenými z komise.
;W1V9071351N184066;;5SR6931;NAVÍC V UNIQA;VIN je mezi aktivními vozidly UNIQA, ale v TIRBazar nebyl nalezen mezi vozidly s výkupem ani mezi vozidly vykoupenými z komise.
;WB10E7104N6G65495;;;NAVÍC V UNIQA;VIN je mezi aktivními vozidly UNIQA, ale v TIRBazar nebyl nalezen mezi vozidly s výkupem ani mezi vozidly vykoupenými z komise.
;WBA21EV0509Z43375;;1AIP902;NAVÍC V UNIQA;VIN je mezi aktivními vozidly UNIQA, ale v TIRBazar nebyl nalezen mezi vozidly s výkupem ani mezi vozidly vykoupenými z komise.
;WBABA51010EJ34355;;;NAVÍC V UNIQA;VIN je mezi aktivními vozidly UNIQA, ale v TIRBazar nebyl nalezen mezi vozidly s výkupem ani mezi vozidly vykoupenými z komise.
;WDB9036111N385609;;;NAVÍC V UNIQA;VIN je mezi aktivními vozidly UNIQA, ale v TIRBazar nebyl nalezen mezi vozidly s výkupem ani mezi vozidly vykoupenými z komise.
;WDB9630041L782352;;7U74821;NAVÍC V UNIQA;VIN je mezi aktivními vozidly UNIQA, ale v TIRBazar nebyl nalezen mezi vozidly s výkupem ani mezi vozidly vykoupenými z komise.
;WK0S0002400233487;;6P24552;NAVÍC V UNIQA;VIN je mezi aktivními vozidly UNIQA, ale v TIRBazar nebyl nalezen mezi vozidly s výkupem ani mezi vozidly vykoupenými z komise.
;WV1ZZZ2EZF6042793;;5L02770;NAVÍC V UNIQA;VIN je mezi aktivními vozidly UNIQA, ale v TIRBazar nebyl nalezen mezi vozidly s výkupem ani mezi vozidly vykoupenými z komise.
;WV2ZZZ7HZ9H154004;;2TM6462;NAVÍC V UNIQA;VIN je mezi aktivními vozidly UNIQA, ale v TIRBazar nebyl nalezen mezi vozidly s výkupem ani mezi vozidly vykoupenými z komise.
;WVWZZZ1JZ5W001621;;2AL2469;NAVÍC V UNIQA;VIN je mezi aktivními vozidly UNIQA, ale v TIRBazar nebyl nalezen mezi vozidly s výkupem ani mezi vozidly vykoupenými z komise.
;YV2AG40D2CB622091;;1CB4844;NAVÍC V UNIQA;VIN je mezi aktivními vozidly UNIQA, ale v TIRBazar nebyl nalezen mezi vozidly s výkupem ani mezi vozidly vykoupenými z komise.
;ZCFC170C705107295;;;NAVÍC V UNIQA;VIN je mezi aktivními vozidly UNIQA, ale v TIRBazar nebyl nalezen mezi vozidly s výkupem ani mezi vozidly vykoupenými z komise.
;ZFA19200000575797;;2E66778;NAVÍC V UNIQA;VIN je mezi aktivními vozidly UNIQA, ale v TIRBazar nebyl nalezen mezi vozidly s výkupem ani mezi vozidly vykoupenými z komise.
;ZPBED5ZL4SLA39124;;;NAVÍC V UNIQA;VIN je mezi aktivními vozidly UNIQA, ale v TIRBazar nebyl nalezen mezi vozidly s výkupem ani mezi vozidly vykoupenými z komise.
18383;13803;3M02711;;OK;Pojištění nalezeno v ALLIANZ podle SPZ. Pojistka: 793704505. Evidence Allianz: 3M02711. Období: 8. 9. 2026 - 8. 10. 2026.
19303;7H81B24K0NF000133;EL94CD;EL94CD;OK;Pojištění nalezeno v UNIQA.
19300;7H81B24K5NF000130;EL95CD;EL95CD;OK;Pojištění nalezeno v UNIQA.
19301;7H81B24K6NF000136;EL96CD;EL96CD;OK;Pojištění nalezeno v UNIQA.
19299;7H81B24KXNF000141;EL13CD;EL13CD;OK;Pojištění nalezeno v UNIQA.
18824;A499;06LT00;;OK;Pojištění nalezeno v ALLIANZ podle SPZ. Pojistka: 797925995. Evidence Allianz: 06LT00. Období: 8. 9. 2026 - 8. 10. 2026.
19718;KMFAB17RPJK013264;7AI8736;7AI8736;OK;Pojištění nalezeno v UNIQA.
19714;KMFAB17RPJK013266;7AF3846;7AF3846;OK;Pojištění nalezeno v UNIQA.
19810;KMFAC17RPJK000953;3SV4572;3SV4572;OK;Pojištění nalezeno v UNIQA.
19851;MBHHFD31S00204515;;8AS4777;OK;Pojištění nalezeno v UNIQA.
20026;MMCJJKL60LH005154;6L37945;6L37945;OK;Pojištění nalezeno v UNIQA.
19321;R34VSA510P1000075;EL95AX;;OK;Pojištění nalezeno v ALLIANZ podle SPZ. Pojistka: 773636102. Evidence Allianz: EL95AX. Období: 8. 9. 2026 - 8. 10. 2026.
19331;R34VSA514P1000077;EL79AX;;OK;Pojištění nalezeno v ALLIANZ podle SPZ. Pojistka: 773688506. Evidence Allianz: EL79AX. Období: 8. 9. 2026 - 8. 10. 2026.
18140;SWV5AA14HMK000021;1UF6380;1UF6380;OK;Pojištění nalezeno v UNIQA.
19625;TKXD56235NBBA2886;;;OK;Pojištění nalezeno v UNIQA.
19709;TKXV31113GEBA3774;5L35224;5L35224;OK;Pojištění nalezeno v UNIQA.
17057;TMBAF25J2A3127459;9U13711;9U13711;OK;Pojištění nalezeno v UNIQA.
19010;TMBAG8NX9SM022935;1AIT326;;OK;Pojištění nalezeno v UNIQA.
17195;TMBAG9NE0J0373310;7AC7316;7AC7316;OK;Pojištění nalezeno v UNIQA.
17396;TMBHS21Z672108031;9AR3948;;OK;Pojištění nalezeno v ALLIANZ podle SPZ. Pojistka: 786881152. Evidence Allianz: 9AR3948. Období: 8. 9. 2026 - 8. 10. 2026.
19390;TMBJJ6NJXHZ014159;5AR8428;5AR8428;OK;Pojištění nalezeno v UNIQA.
19687;TMBJW9NP7M7008929;EL671ET;EL671ET;OK;Pojištění nalezeno v UNIQA.
19952;UU1F6720264797821;8AB0453;8AB0453;OK;Pojištění nalezeno v UNIQA.
19984;VF1FL000061249532;7AC6140;7AC6140;OK;Pojištění nalezeno v UNIQA.
19985;VF1FL000757648546;7C71493;7C71493;OK;Pojištění nalezeno v UNIQA.
14706;VF1FW1ABE46232972;8B37156;;OK;Pojištění nalezeno v ALLIANZ podle SPZ. Pojistka: 765838286. Evidence Allianz: 8B37156. Období: 8. 9. 2026 - 8. 10. 2026.
17140;VF1JLABA56Y117352;5L36582;;OK;Pojištění nalezeno v ALLIANZ podle SPZ. Pojistka: 785603276. Evidence Allianz: 5L36582. Období: 8. 9. 2026 - 8. 10. 2026.
19780;VF1JLNJA66Y163986;1ANN203;;OK;Pojištění nalezeno v UNIQA.
19878;VF1MA000166742555;5SL7898;5SL7898;OK;Pojištění nalezeno v UNIQA.
19366;VF1MA000262766807;9AM1373;9AM1373;OK;Pojištění nalezeno v UNIQA.
20019;VF1MA000466961395;2TN3491;2TN3491;OK;Pojištění nalezeno v UNIQA.
19983;VF1MA000468313043;6SN2958;6SN2958;OK;Pojištění nalezeno v UNIQA.
19971;VF1MA000567190925;6SI9689;6SI9689;OK;Pojištění nalezeno v UNIQA.
18263;VF1MAF4SE55107343;9AB9910;;OK;Pojištění nalezeno v ALLIANZ podle SPZ. Pojistka: 793063235. Evidence Allianz: 9AB9910. Období: 8. 9. 2026 - 8. 10. 2026.
19636;VF1VB000067359654;8P98710;8P98710;OK;Pojištění nalezeno v UNIQA.
19655;VF1VB000256763706;6Z60472;6Z60472;OK;Pojištění nalezeno v UNIQA.
19660;VF1VB000260482817;7AD1607;7AD1607;OK;Pojištění nalezeno v UNIQA.
19632;VF1VB000665828757;9AR0912;9AR0912;OK;Pojištění nalezeno v UNIQA.
19793;VF1VB000668127375;9AD0999;9AD0999;OK;Pojištění nalezeno v UNIQA.
19792;VF1VB000X67854962;2BR4818;2BR4818;OK;Pojištění nalezeno v UNIQA.
19972;VF1VBU4S150174654;;;OK;Pojištění nalezeno v UNIQA.
19569;VF3VBBHVBHZ017063;9U01116;9U01116;OK;Pojištění nalezeno v UNIQA.
20001;VF3YC2MFC12K56248;7AK7361;7AK7361;OK;Pojištění nalezeno v UNIQA.
19387;VF3YCUMFC12A01699;5AC3876;5AC3876;OK;Pojištění nalezeno v UNIQA.
19863;VF3YD3MAU12F19410;6AP1333;6AP1333;OK;Pojištění nalezeno v UNIQA.
19967;VF3YD3MAU12F22442;6AP5127;6AP5127;OK;Pojištění nalezeno v UNIQA.
19652;VF6VG000X56476884;7AU1423;;OK;Pojištění nalezeno v ALLIANZ podle SPZ. Pojistka: 794073965. Evidence Allianz: 7AU1423. Období: 8. 9. 2026 - 8. 10. 2026.
19726;VF7YDCPFCPG032358;7J85419;7J85419;OK;Pojištění nalezeno v UNIQA.
19667;VSA63134313171362;ABA2971;ABA2971;OK;Pojištění nalezeno v UNIQA.
19786;VSKHAAM20U0173138;7AE4197;7AE4197;OK;Pojištění nalezeno v UNIQA.
20007;VWASXTF24J7211411;7AH8584;7AH8584;OK;Pojištění nalezeno v UNIQA.
19873;W0VMR8603MB229088;6J60036;6J60036;OK;Pojištění nalezeno v UNIQA.
19478;W0VVS2604MB272893;5ST1994;5ST1994;OK;Pojištění nalezeno v UNIQA.
17875;W1K2060071R066129;9AK8557;;OK;Pojištění nalezeno v ALLIANZ podle SPZ. Pojistka: 791157161. Evidence Allianz: 9AK8557. Období: 8. 9. 2026 - 8. 10. 2026.
19682;W1K3G8EB7PJ407065;2BZ4852;2BZ4852;OK;Pojištění nalezeno v UNIQA.
19441;W1NFB0KB4PA837849;9AP7066;9AP7066;OK;Pojištění nalezeno v UNIQA.
18149;W1NFF3DE3RB086947;1ABC583;;OK;Pojištění nalezeno v ALLIANZ podle SPZ. Pojistka: 792671725. Evidence Allianz: 1ABC583. Období: 8. 9. 2026 - 8. 10. 2026.
19936;W1V9076331P439689;9AK7402;9AK7402;OK;Pojištění nalezeno v UNIQA.
19937;W1V9076331P491697;1AAM421;1AAM421;OK;Pojištění nalezeno v UNIQA.
19939;W1V9076351P477926;9AM0018;9AM0018;OK;Pojištění nalezeno v UNIQA.
19938;W1V9076371P446593;9AL4622;9AL4622;OK;Pojištění nalezeno v UNIQA.
19206;W1V9077211P202546;2BI1632;;OK;Pojištění nalezeno v ALLIANZ podle SPZ. Pojistka: 771393140. Evidence Allianz: 2BI1632. Období: 8. 9. 2026 - 8. 10. 2026.
19704;W1VTBECZ3PU347946;7M64685;7M64685;OK;Pojištění nalezeno v UNIQA.
19702;W1VTBECZ5PU347947;7M64702;7M64702;OK;Pojištění nalezeno v UNIQA.
12969;WAUZZZ8P95A109073;7AD1350;;OK;Pojištění nalezeno v UNIQA.
18256;WBAJD110X0G884109;6AM3484;;OK;Pojištění nalezeno v ALLIANZ podle SPZ. Pojistka: 793828350. Evidence Allianz: 6AM3484. Období: 8. 9. 2026 - 8. 10. 2026.
19597;WBAJV61000BL15793;6SR6067;6SR6067;OK;Pojištění nalezeno v UNIQA.
19815;WBAKV210100N17163;8U38788;8U38788;OK;Pojištění nalezeno v UNIQA.
5250;WBALM71000E298719;1AE8662;;OK;Pojištění nalezeno v ALLIANZ podle SPZ. Pojistka: 765837855. Evidence Allianz: 1AE8662. Období: 8. 9. 2026 - 8. 10. 2026.
19807;WBAYH31040EH48989;;;OK;Pojištění nalezeno v UNIQA.
393;WDB9036611R571138;1AK4601;1AK4601;OK;Pojištění nalezeno v UNIQA.
19599;WDB9046131R254735;3AP3615;3AP3615;OK;Pojištění nalezeno v UNIQA.
19783;WDB9061311N385404;1AB7102;1AB7102;OK;Pojištění nalezeno v UNIQA.
19393;WDB9061311N413982;7H02346;7H02346;OK;Pojištění nalezeno v UNIQA.
19957;WDB9061351N452253;1AY6392;1AY6392;OK;Pojištění nalezeno v UNIQA.
19976;WDB9061351N590407;4AD8428;4AD8428;OK;Pojištění nalezeno v UNIQA.
20027;WDB9061351N610169;6SE3333;6SE3333;OK;Pojištění nalezeno v UNIQA.
19891;WDB9061551N304164;2BR9567;2BR9567;OK;Pojištění nalezeno v UNIQA.
19968;WDB9061551N554375;9B38573;9B38573;OK;Pojištění nalezeno v UNIQA.
19881;WDB9066131P285401;5AM1602;5AM1602;OK;Pojištění nalezeno v UNIQA.
1153;WDB9066131S241986;2AE2516;;OK;Pojištění nalezeno v ALLIANZ podle SPZ. Pojistka: 765837833. Evidence Allianz: 2AE2516. Období: 8. 9. 2026 - 8. 10. 2026.
19995;WDB9066351S157461;4T05506;4T05506;OK;Pojištění nalezeno v UNIQA.
19120;WDB9066351S525412;4H75880;;OK;Pojištění nalezeno v ALLIANZ podle SPZ. Pojistka: 799743361. Evidence Allianz: 4H75880. Období: 8. 9. 2026 - 8. 10. 2026.
19122;WDB9066351S560281;4H75882;;OK;Pojištění nalezeno v ALLIANZ podle SPZ. Pojistka: 799743394. Evidence Allianz: 4H75882. Období: 8. 9. 2026 - 8. 10. 2026.
19961;WDB9066351S749337;1BL0623;1BL0623;OK;Pojištění nalezeno v UNIQA.
19893;WDB9076371P123697;6Z65572;6Z65572;OK;Pojištění nalezeno v UNIQA.
19895;WDB9076371P176489;6Z77008;6Z77008;OK;Pojištění nalezeno v UNIQA.
19775;WDB9106231P006761;7AB8237;7AB8237;OK;Pojištění nalezeno v UNIQA.
19703;WDD2052011F967040;7AZ3686;7AZ3686;OK;Pojištění nalezeno v UNIQA.
19558;WDD2120021B085595;6C78557;;OK;Pojištění nalezeno v UNIQA.
15425;WDD2220851A105692;SEF44X44;SEF44X44;OK;Pojištění nalezeno v UNIQA.
19712;WDD2221631A170514;6AF9828;6AF9828;OK;Pojištění nalezeno v UNIQA.
19701;WDF4157031U210589;6AC2079;6AC2079;OK;Pojištění nalezeno v UNIQA.
19138;WDF44770513399234;6J65038;;OK;Pojištění nalezeno v ALLIANZ podle SPZ. Pojistka: 710258522. Evidence Allianz: 6J65038. Období: 8. 9. 2026 - 8. 10. 2026.
19697;WF02XXTTG2EY56957;4SR0164;4SR0164;OK;Pojištění nalezeno v UNIQA.
19882;WF0DXXTTGDEY52031;2BH5016;;OK;Pojištění nalezeno v UNIQA.
19752;WF0FXXTTFF7U83992;5U10910;5U10910;OK;Pojištění nalezeno v UNIQA.
19539;WF0FXXTTFFBU60096;6U76604;6U76604;OK;Pojištění nalezeno v UNIQA.
17902;WF0SXXWPGSKD62491;1AAA171;;OK;Pojištění nalezeno v ALLIANZ podle SPZ. Pojistka: 790786065. Evidence Allianz: 1AAA171. Období: 8. 9. 2026 - 8. 10. 2026.
14678;WF0VXXTTFV5E52385;1AK5232;;OK;Pojištění nalezeno v ALLIANZ podle SPZ. Pojistka: 765837811. Evidence Allianz: 1AK5232. Období: 8. 9. 2026 - 8. 10. 2026.
19495;WF0XXXTTFX7K78658;3E96495;3E96495;OK;Pojištění nalezeno v UNIQA.
20005;WF0XXXTTFXAR49501;5J96714;5J96714;OK;Pojištění nalezeno v UNIQA.
16570;WF0XXXTTFXDR80095;4SV7220;;OK;Pojištění nalezeno v ALLIANZ podle SPZ. Pojistka: 781635260. Evidence Allianz: 4SV7220. Období: 8. 9. 2026 - 8. 10. 2026.
19489;WF0XXXTTGXEG43085;6P43595;6P43595;OK;Pojištění nalezeno v UNIQA.
19679;WF0XXXTTGXEJ14541;7AJ2699;7AJ2699;OK;Pojištění nalezeno v UNIQA.
19830;WF0XXXTTGXHJ59940;5SC6314;5SC6314;OK;Pojištění nalezeno v UNIQA.
19897;WF0XXXTTGXJM54659;1UY8808;1UY8808;OK;Pojištění nalezeno v UNIQA.
20025;WMA03VUY6J9007376;5L76606;5L76606;OK;Pojištění nalezeno v UNIQA.
18408;WMA03VUYXL9003821;4SP6074;;OK;Pojištění nalezeno v ALLIANZ podle SPZ. Pojistka: 796777166. Evidence Allianz: 4SP6074. Období: 8. 9. 2026 - 8. 10. 2026.
19258;WTA74473MRW238007;9AM5808;;OK;Pojištění nalezeno v ALLIANZ podle VIN. Pojistka: 771313314. Evidence Allianz: WTA74473MRW238007. Období: 8. 9. 2026 - 8. 10. 2026.
19281;WTA74473MRW238008;;;OK;Pojištění nalezeno v ALLIANZ podle VIN. Pojistka: 771313325. Evidence Allianz: WTA74473MRW238008. Období: 8. 9. 2026 - 8. 10. 2026.
19581;WV1ZZZ2EZC6004468;1UP5302;1UP5302;OK;Pojištění nalezeno v UNIQA.
19373;WV1ZZZ2EZG6066498;6AB3932;6AB3932;OK;Pojištění nalezeno v UNIQA.
19083;WV1ZZZ2FZ77011777;2J62086;2J62086;OK;Pojištění nalezeno v UNIQA.
16175;WV1ZZZ2FZC7006774;4AR2584;4AR2584;OK;Pojištění nalezeno v UNIQA.
19088;WV1ZZZ2FZD7005770;5J82185;;OK;Pojištění nalezeno v ALLIANZ podle SPZ. Pojistka: 710206711. Evidence Allianz: 5J82185. Období: 8. 9. 2026 - 8. 10. 2026.
20023;WV1ZZZ2FZD7007367;3AL9533;3AL9533;OK;Pojištění nalezeno v UNIQA.
20022;WV1ZZZ2FZF7009303;4AV0103;4AV0103;OK;Pojištění nalezeno v UNIQA.
18329;WV1ZZZ7HZ7H007274;3SF0484;3SF0484;OK;Pojištění nalezeno v UNIQA.
19852;WV1ZZZSYZM9041617;6Z85284;6Z85284;OK;Pojištění nalezeno v UNIQA.
19798;WV2ZZZ2KZDX137572;;;OK;Pojištění nalezeno v UNIQA.
19888;WV2ZZZ2KZFX067005;1APU337;1APU337;OK;Pojištění nalezeno v UNIQA.
19987;WV2ZZZ2KZJX004624;6AL8572;6AL8572;OK;Pojištění nalezeno v UNIQA.
17816;WV3ZZZ7JZ4X039466;1SI2377;1SI2377;OK;Pojištění nalezeno v UNIQA.
18825;WV3ZZZSZ8P9059636;1AMR078;;OK;Pojištění nalezeno v UNIQA.
19817;WV3ZZZSZZJ9041619;9C06168;9C06168;OK;Pojištění nalezeno v UNIQA.
19560;WVGZZZC1ZPY024465;;;OK;Pojištění nalezeno v UNIQA.
19977;YARTDF6A0RMA47635;3BK8560;3BK8560;OK;Pojištění nalezeno v UNIQA.
19425;YB4A00S3390311967;;;OK;Pojištění nalezeno v UNIQA.
19964;ZCFA880B002726533;;;OK;Pojištění nalezeno v UNIQA.
19963;ZCFA880B202726534;;;OK;Pojištění nalezeno v UNIQA.
19962;ZCFA880B202726842;;;OK;Pojištění nalezeno v UNIQA.
19758;ZCFC135B005250100;8AS2307;8AS2307;OK;Pojištění nalezeno v UNIQA.
19767;ZCFC135B005263090;8AP1411;8AP1411;OK;Pojištění nalezeno v UNIQA.
19766;ZCFC135B105251577;8AN9179;8AN9179;OK;Pojištění nalezeno v UNIQA.
19997;ZCFC135B105257623;5ST9092;5ST9092;OK;Pojištění nalezeno v UNIQA.
19762;ZCFC135B205168787;8AJ5985;8AJ5985;OK;Pojištění nalezeno v UNIQA.
19416;ZCFC135B205318803;5SV0451;5SV0451;OK;Pojištění nalezeno v UNIQA.
20002;ZCFC135B705310471;4SX4230;4SX4230;OK;Pojištění nalezeno v UNIQA.
19761;ZCFC135B805159172;8AT1240;8AT1240;OK;Pojištění nalezeno v UNIQA.
19764;ZCFC135B905252489;8AN2984;8AN2984;OK;Pojištění nalezeno v UNIQA.
19996;ZCFC135BX05256728;5SR8343;5SR8343;OK;Pojištění nalezeno v UNIQA.
19814;ZCFC150B405209701;7AD8627;7AD8627;OK;Pojištění nalezeno v UNIQA.
19812;ZCFC150B505174909;9AY5133;9AY5133;OK;Pojištění nalezeno v UNIQA.
19076;ZCFC150C105045672;1AIX181;1AIX181;OK;Pojištění nalezeno v UNIQA.
19951;ZCFC150D405151851;6Z11509;;OK;Pojištění nalezeno v UNIQA.
19680;ZCFC150D605199626;4SI3985;4SI3985;OK;Pojištění nalezeno v UNIQA.
19744;ZCFC165CX05018226;5SV1040;5SV1040;OK;Pojištění nalezeno v UNIQA.
19866;ZCFC235A505100021;3SV1137;3SV1137;OK;Pojištění nalezeno v UNIQA.
19813;ZCFC250B705263345;7AI6032;7AI6032;OK;Pojištění nalezeno v UNIQA.
13336;ZCFC2981005635841;;;OK;Pojištění nalezeno v ALLIANZ podle VIN. Pojistka: 765838043. Evidence Allianz: ZCFC2981005635841. Období: 8. 9. 2026 - 8. 10. 2026.
19986;ZCFC335B605297092;6ST9595;6ST9595;OK;Pojištění nalezeno v UNIQA.
19653;ZCFC3571605911328;2AX6991;;OK;Pojištění nalezeno v ALLIANZ podle SPZ. Pojistka: 765840025. Evidence Allianz: 2AX6991. Období: 8. 9. 2026 - 8. 10. 2026.
19651;ZCFC3571605956884;3AN8311;;OK;Pojištění nalezeno v ALLIANZ podle SPZ. Pojistka: 765840095. Evidence Allianz: 3AN8311. Období: 8. 9. 2026 - 8. 10. 2026.
19801;ZCFC3593005897060;9C01093;9C01093;OK;Pojištění nalezeno v UNIQA.
19163;ZCFC35D0005777438;1UH7326;1UH7326;OK;Pojištění nalezeno v UNIQA.
1161;ZCFC35D100D413078;3AF9135;;OK;Pojištění nalezeno v ALLIANZ podle SPZ. Pojistka: 765837844. Evidence Allianz: 3AF9135. Období: 8. 9. 2026 - 8. 10. 2026.
19965;ZCFC408100D301478;7AJ2563;7AJ2563;OK;Pojištění nalezeno v UNIQA.
20028;ZCFC50A4005984007;6E12812;6E12812;OK;Pojištění nalezeno v UNIQA.
20008;ZCFC50A400D527826;3SE4502;3SE4502;OK;Pojištění nalezeno v UNIQA.
15606;ZCFC50D0005662986;9AH5778;;OK;Pojištění nalezeno v ALLIANZ podle SPZ. Pojistka: 784776720. Evidence Allianz: 9AH5778. Období: 8. 9. 2026 - 8. 10. 2026.
19739;ZCFC535C3N5503656;5SK6839;5SK6839;OK;Pojištění nalezeno v UNIQA.
19674;ZCFC535C505592638;6SC3928;6SC3928;OK;Pojištění nalezeno v UNIQA.
19452;ZCFC635A705032213;8AJ3700;8AJ3700;OK;Pojištění nalezeno v UNIQA.
19757;ZCFC735B305349203;9AL2492;9AL2492;OK;Pojištění nalezeno v UNIQA.
19759;ZCFC735B405353714;9AL2564;9AL2564;OK;Pojištění nalezeno v UNIQA.
19831;ZCFC735B405389113;9AB5728;9AB5728;OK;Pojištění nalezeno v UNIQA.
19771;ZCFC735BX05440601;9AA3670;9AA3670;OK;Pojištění nalezeno v UNIQA.
19945;ZCFCG35A105446858;1AJN874;1AJN874;OK;Pojištění nalezeno v UNIQA.
19943;ZCFCG35A305448191;6SY1834;6SY1834;OK;Pojištění nalezeno v UNIQA.
19941;ZCFCG35A505446099;9AH6680;9AH6680;OK;Pojištění nalezeno v UNIQA.
19942;ZCFCG35A505446510;9AF5733;9AF5733;OK;Pojištění nalezeno v UNIQA.
19940;ZCFCG35A605445737;9AH2933;9AH2933;OK;Pojištění nalezeno v UNIQA.
19944;ZCFCH35A105447490;9AF3374;9AF3374;OK;Pojištění nalezeno v UNIQA.
13990;ZFA24400007530250;8S69015;;OK;Pojištění nalezeno v ALLIANZ podle SPZ. Pojistka: 765838150. Evidence Allianz: 8S69015. Období: 8. 9. 2026 - 8. 10. 2026.
19379;ZFA25000001280152;6C69579;6C69579;OK;Pojištění nalezeno v UNIQA.
19121;ZFA25000001553870;5AC3722;;OK;Pojištění nalezeno v ALLIANZ podle SPZ. Pojistka: 799743372. Evidence Allianz: 5AC3722. Období: 8. 9. 2026 - 8. 10. 2026.
18706;ZFA25000001895975;4AL2806;4AL2806;OK;Pojištění nalezeno v UNIQA.
19978;ZFA25000002460909;5P77784;5P77784;OK;Pojištění nalezeno v UNIQA.
19970;ZFA25000002790960;8AT4371;8AT4371;OK;Pojištění nalezeno v UNIQA.
19741;ZFA25000002G83698;6H65688;;OK;Pojištění nalezeno v UNIQA.
19627;ZFA25000002H12867;7AD3895;7AD3895;OK;Pojištění nalezeno v UNIQA.
19265;ZFA25000002J36903;1AMZ514;;OK;Pojištění nalezeno v UNIQA.
18298;ZFA25000002K61788;8C48503;;OK;Pojištění nalezeno v ALLIANZ podle SPZ. Pojistka: 793203880. Evidence Allianz: 8C48503. Období: 8. 9. 2026 - 8. 10. 2026.
20020;ZFA25000002P06817;1TV1811;1TV1811;OK;Pojištění nalezeno v UNIQA.
19774;ZFA26300006M54702;7AX8382;7AX8382;OK;Pojištění nalezeno v UNIQA.
19933;ZFA26300006R67474;8AD8432;8AD8432;OK;Pojištění nalezeno v UNIQA.
17779;ZFF93LMB000294992;6SF3108;6SF3108;OK;Pojištění nalezeno v UNIQA.
17860;ZFF93LMB000296121;9AX4029;9AX4029;OK;Pojištění nalezeno v UNIQA.
