OID;VIN;SPZ;VIN_17_ZNAKU
393;WDB9036611R571138;1AK4601;ANO
1153;WDB9066131S241986;2AE2516;ANO
1161;ZCFC35D100D413078;3AF9135;ANO
3530;ZCFC3590005509386;4AA6455;ANO
3704;ZCFA80F1102400869;4E85158;ANO
5250;WBALM71000E298719;1AE8662;ANO
10330;WVWZZZ1KZCW196957;7AN8798;ANO
12549;TMBAJ6NH7E4036089;4AD9542;ANO
12550;TMBAJ6NH3E4034291;4AC8366;ANO
12950;WDB9061551N572098;3AV7073;ANO
12969;WAUZZZ8P95A109073;7AD1350;ANO
13241;ZCFC35C0005621554;8U35102;ANO
13320;WDB9061551N331996;5AP2700;ANO
13333;ZCFC357130D452230;;ANO
13335;VF1MBU6F448628740;8T77504;ANO
13336;ZCFC2981005635841;;ANO
13729;ZCFC35D1005661007;7U10389;ANO
13808;TMBBG21U328542795;4A44040;ANO
13990;ZFA24400007530250;8S69015;ANO
14678;WF0VXXTTFV5E52385;1AK5232;ANO
14706;VF1FW1ABE46232972;8B37156;ANO
15218;ZCFC3571605917989;BL018TB;ANO
15225;ZCFC3571605950229;BL930FJ;ANO
15425;WDD2220851A105692;SEF44X44;ANO
15606;ZCFC50D0005662986;9AH5778;ANO
15825;VF3YBTMFB12485712;3AS2729;ANO
15827;VF3YBTMFB12493252;3AS3013;ANO
16060;WDF44760513202019;5AU1054;ANO
16086;WF0YXXTTGYFU04339;5AX6895;ANO
16111;WF0YXXTTGYGB72864;5AY3086;ANO
16113;WF0YXXTTGYHU88743;6AF3263;ANO
16118;WDF44760513202055;5AU1055;ANO
16119;WDF44760513221674;5AY4883;ANO
16122;WDF44760513248412;5AZ6055;ANO
16123;WDF44760513240044;6AA4008;ANO
16148;WBAJW81030BK94334;8AR4005;ANO
16158;JMZNB2WPJN6M47390;8A75134;ANO
16175;WV1ZZZ2FZC7006774;4AR2584;ANO
16236;ZCFC2960105365876;3L09916;ANO
16324;VF3YD3MFC12K94960;7AP0077;ANO
16350;ZFA25000002B51143;5E76697;ANO
16352;ZFA25000002C07833;5E79691;ANO
16366;VF1VB000X62901226;;ANO
16381;VF3YD3MFC12K94287;7AN7578;ANO
16384;VF3YD3MFC12K95252;7AN7716;ANO
16434;VF1VB000062901347;9AA3004;ANO
16455;WV2ZZZ70ZWH123632;2AC7456;ANO
16485;VF3YB2MRB12D04421;8U48416;ANO
16491;VF1VB000056711345;5E71364;ANO
16511;VF1VB000962549059;;ANO
16518;WAUZZZ8E05A553490;8AZ0708;ANO
16521;WDB9061551N623922;4AR8459;ANO
16522;WDB9061551N674442;5E79242;ANO
16548;VF654ANA000008860;2J07359;ANO
16570;WF0XXXTTFXDR80095;4SV7220;ANO
16571;R75603;;NE
16594;WDB9061331N443407;1AR9892;ANO
16618;VF1MAF4EE46377198;8AY3175;ANO
16631;WF0XXXTTFXBE24924;2AI5588;ANO
16660;TMBAJ6NH1F4021301;4AL1387;ANO
16663;WF0ZXXTTFZ8A41326;3Z38149;ANO
16682;VF1MB000962768874;;ANO
16685;WF0XXXTTGXJM58637;;ANO
16689;ZCFC60A0005544099;3AT6811;ANO
16714;VF3YBTMFB12874472;6H06278;ANO
16715;VF3YBUMFB12868757;7H08429;ANO
16719;VF1MB000662768816;1AFX096;ANO
16722;WF0DXXTTGDJJ14634;;ANO
16726;WDB9066371P263497;9AN7225;ANO
16727;WDB9066351P180536;2TA4230;ANO
16748;TYBFE73BD4DU05918;5H20868;ANO
16764;ZCFC335AX05013129;8B97530;ANO
16766;VF1MB000962768809;;ANO
16769;WDB67301015225939;1H34915;ANO
16783;ZCFC150D205291025;;ANO
16800;WDB9066351P539475;2TA9107;ANO
16801;WDB9066351P504239;1TV1380;ANO
16807;ZCFC150AX05017965;3SH5653;ANO
16819;WDB9036111R908763;1AA3419;ANO
16821;WDB9036111R907172;1AA5947;ANO
16836;WDB9036111R761052;3SH4718;ANO
16838;WDB9036111R759106;4A57328;ANO
16848;ZCFC40A300D383002;6AP2065;ANO
16859;ZCFC135DX05213105;6E05717;ANO
16864;ZFA25000002G50700;6E15216;ANO
16869;ZCFC135D505130262;9T76232;ANO
16871;ZCFC35A8075637683;2AS5235;ANO
16875;ZCFC50D000D344408;4AY0871;ANO
16886;WF0YXXTTGYKJ51210;;ANO
16887;WF0YXXTTGYJB09819;9AP2680;ANO
16894;ZFA25000002529062;4L84824;ANO
16904;ZCFC65D0005707652;3J05882;ANO
16916;WF0YXXTTGYKL52555;;ANO
16929;VF3YDPMFC12926568;;ANO
16930;WF0FXXTTFF8L10654;3J42094;ANO
16935;WF0XXXTTGXKC32628;;ANO
16936;VF1MB000862768879;;ANO
16944;VF3YD3MAU12D56868;5J90242;ANO
16946;ZCFD55C8005895824;2AP1761;ANO
16947;WF0YXXTTGYKJ70083;;ANO
16949;ZCFC250D505268898;4SK3962;ANO
16950;VF3YCUMFC12B04415;5Z77379;ANO
16952;ZCFC235D505176770;;ANO
16960;WDB9076351P006144;2TA4276;ANO
16961;WDB9076351P006139;1TV1367;ANO
16962;WDB9076351P005973;1TV1379;ANO
16963;WDB9076351P006136;1TV1364;ANO
16964;WDDNG71X58A175698;6AS5589;ANO
16974;W1V9076351P193682;1TZ8397;ANO
16982;WF0XXXTTFX8C29071;1AB3411;ANO
16986;WF0YXXTTGYKJ44370;;ANO
16990;ZFA25000002C48850;5E87281;ANO
16992;ZCFC235A505103565;;ANO
16993;VR7ERHNPJKJ668761;9U89623;ANO
17000;W0L4F7002FV603305;1BA0196;ANO
17002;WDB9046131R228340;4AH1796;ANO
17006;VF3VABHXHHZ096061;7AJ7612;ANO
17016;WV1ZZZSYZJ9006664;6AM3609;ANO
17019;ZCFC170D705306601;;ANO
17022;TMBAG7NE6J0354183;6AZ9765;ANO
17023;ZCFC235D905166212;4SC7522;ANO
17024;ZCFC435C805131436;4SA0016;ANO
17025;ZCFC150C405065446;5AD9618;ANO
17026;ZCFC150C605065447;5AD9619;ANO
17030;ZCFC357120D437059;3AZ8238;ANO
17036;W1N1673231A330636;2BT4265;ANO
17037;ZCFC50C0005543537;8AD2325;ANO
17048;WF0SXXWPGSEJ52441;4AI1390;ANO
17049;WF0FXXTTGFFC77930;7AI2095;ANO
17052;W1K1771841J203596;2BK1060;ANO
17057;TMBAF25J2A3127459;9U13711;ANO
17058;VF77D9HTCBJ737113;4P90719;ANO
17059;ZCFC5090005481650;2U37050;ANO
17063;ZFA26300006185081;4AH9249;ANO
17066;ZFA25000002G86959;7AD2305;ANO
17072;ZCFC235D805182367;4SF2880;ANO
17082;VF1MA000862766911;9AL6874;ANO
17086;WV1ZZZ2KZEX018763;3AN3341;ANO
17092;VF1MA000262276335;9AL9489;ANO
17096;VF1MA000462767179;9AL8226;ANO
17097;VF1MA000162766829;9AM1397;ANO
17098;VF1MA000562767093;9AM1398;ANO
17101;ZCFC170C70D550441;;ANO
17102;WV1ZZZ7HZJH050275;1BU9087;ANO
17104;VF1MA000762766883;9AM1374;ANO
17105;VF1MA000962766870;9AL6875;ANO
17107;VF1MA000462767103;9AL6873;ANO
17109;VF1MA000962767114;9AM1360;ANO
17110;VF1MA000462306399;9AM1399;ANO
17111;VF1MA000262767195;9AM1375;ANO
17117;WF0SXXTTFSBS00346;9U40818;ANO
17121;WAUZZZ4L57D001103;4M48238;ANO
17125;W1K1183841N208126;7MU9445;ANO
17129;WV1ZZZ7HZCH006935;9U05008;ANO
17131;WF0YXXTTGYMG38850;8AY3074;ANO
17133;VF1VB000062549080;;ANO
17137;VF1MA000362766928;;ANO
17138;VF1MA000462767151;;ANO
17140;VF1JLABA56Y117352;5L36582;ANO
17141;VF1MA000061613073;5SZ6732;ANO
17142;WDC2539251F343167;3SC9661;ANO
17143;VF1MA000369973374;9AR6015;ANO
17144;VF1MA000170172075;9AR6014;ANO
17145;WV1ZZZ7HZJH051110;1BU8952;ANO
17146;VF1MA000862306390;5SZ6733;ANO
17149;W1V44770313684667;1TU2595;ANO
17150;WF0DXXTTGDJU33135;;ANO
17151;ZCFC135B605290178;;ANO
17152;WV1ZZZ2KZFX063500;9B97966;ANO
17153;VF1MAF4ZR53312421;6H33182;ANO
17154;WDB9066551S276353;3H81427;ANO
17156;WF0XXXTTFXCA23282;4Z86925;ANO
17157;ZCFC435F505173055;;ANO
17158;VF1MA000862767153;5SZ6734;ANO
17161;VF1MB000869987848;9AT7801;ANO
17162;VF1MB000069987925;9AT7813;ANO
17163;VF1VB000669987934;9AT6382;ANO
17164;VF1VB000769987814;9AT6384;ANO
17165;WDF44770313394371;9AP1261;ANO
17167;WDB9066551P271260;5AM5559;ANO
17169;0831831;;NE
17170;VF1VB000769973718;6SN2699;ANO
17171;VF1VB000669984015;1ACJ385;ANO
17172;VF1VB000569984023;1ABA351;ANO
17173;VF1VB000369984019;;ANO
17174;VF1VB000869859663;;ANO
17175;VF1VB000569859667;;ANO
17176;VF1VB000369859666;;ANO
17179;VF1MA000762276346;9AR5747;ANO
17180;WF0XXXTTGXJA68534;4SZ1852;ANO
17182;WF01XXTTG1JU26486;5SH9958;ANO
17183;WF0FXXTTFFDC52904;2SK7665;ANO
17185;ZFA25000002K82741;4SM9450;ANO
17187;VF1MA000661612980;;ANO
17188;WV1ZZZ7HZGH147630;5AP6488;ANO
17189;ZCFC235D605216743;1TV0056;ANO
17190;VF3YAANRA12K87587;1TJ0888;ANO
17192;VF1MA000962306396;9AS3056;ANO
17193;ZCFC150B105158190;5SN1750;ANO
17195;TMBAG9NE0J0373310;7AC7316;ANO
17196;WF0FXXTTFFBU63468;4M97279;ANO
17197;VF6MFF4SE53380732;9T63645;ANO
17198;WF0ZXXTTGZDJ53172;5J82156;ANO
17199;VF1MAF6CJ43680520;4E15784;ANO
17200;ZFA25000002G95222;6Z31994;ANO
17201;ZCFA1VM1402562748;1AM5812;ANO
17202;ZCFC535D005360800;2BJ0769;ANO
17203;ZCFC5070005346648;CVA5668;ANO
17204;ZCFC50A2005717625;3U77408;ANO
17223;ZCFC635A005083892;1BJ8443;ANO
17226;WV1ZZZSYZH9008292;9C76228;ANO
17230;WVGZZZ7PZJD001660;6AN3034;ANO
17233;VF652AFA000061791;5M11538;ANO
17234;VF654ANA000002323;4M50597;ANO
17235;VF652AFA000032011;4M50598;ANO
17236;W1N1671231A182306;8AC6960;ANO
17237;WDD2054481F452106;5AX9822;ANO
17242;WV1ZZZ2EZD6017427;6H69657;ANO
17246;VF1FL000061090978;7AD5916;ANO
17247;VF1MA000462766789;;ANO
17249;W1K1770841N163849;4K69255;ANO
17250;WDC1569121J346313;9AM8423;ANO
17252;WF0ZXXTTFZAY77369;4M14042;ANO
17254;WDB9061311N413646;1AB2854;ANO
17255;WDB9061311N414586;1AC8825;ANO
17258;WDB9061311N379161;2SH8438;ANO
17259;WDB9061311N381600;1AL1410;ANO
17260;WDB9061311N412248;1AB6555;ANO
17261;ZCFC135B905196442;1UH8109;ANO
17262;VF1MA000870176737;9AN8713;ANO
17263;ZCFC260C505096823;7H85534;ANO
17266;VF3YCTMAU12587152;4SY9114;ANO
17267;VF7YD3MFC12L34625;8C55910;ANO
17269;ZFA25000002G28983;6Z27324;ANO
17270;VF6VG000663229185;6Z57678;ANO
17272;VF1MA000167953801;9AV5103;ANO
17273;VF1VB000363456919;;ANO
17276;WF0YXXTTGYLL32242;;ANO
17277;WF0YXXTTGYLL32234;;ANO
17280;WV1ZZZ2EZB6025701;7B68387;ANO
17281;WDB9061311N408918;1AA3407;ANO
17282;WDB9061311N411287;1AA6918;ANO
17283;WDB9061311N412057;1AC8422;ANO
17285;WDB9066531P338408;;ANO
17286;VF1UDCUK635832298;3AR5680;ANO
17288;WV1ZZZSYZK9035004;7AJ7790;ANO
17290;ZCFC150A205076167;5SJ0236;ANO
17291;ZCFC150A405061220;5AZ9529;ANO
17292;ZCFC150A805061219;5SL7757;ANO
17293;ZCFC70C0005882623;1ST7414;ANO
17294;VF1NDDCL524024632;3J07445;ANO
17295;VF1MA000657381512;;ANO
17296;VF1MB000162127816;;ANO
17298;WF0FXXTTFFBK45150;8B81398;ANO
17299;WV2ZZZ70Z1X061872;AKV5477;ANO
17300;WDF4156031U229881;6AR8956;ANO
17301;ZCFC70F000D533640;5M62171;ANO
17302;WF0YXXTTGYLY64158;;ANO
17303;WF0YXXTTGYLL29473;;ANO
17304;WF0YXXTTGYLD09061;;ANO
17305;WF0YXXTTGYLD01808;;ANO
17306;ZCFC135C305092229;;ANO
17307;VF1MB14S253563274;6AJ5799;ANO
17309;W1V44760113714451;8P38208;ANO
17310;WDF4156031U229882;6AR4279;ANO
17311;WBA58FF0208C81034;9AP2931;ANO
17312;W1K1770871N156251;2BS6519;ANO
17315;WF0FXXTTFFDR77450;4SE4765;ANO
17316;ZCFC165A905109051;5AP6865;ANO
17317;WDB9061551N557018;5P78179;ANO
17318;WDB9066371P189543;4AZ3877;ANO
17319;ZFA25000002533795;4AB4993;ANO
17320;ZCFC150B505174294;6AL0687;ANO
17321;ZCFCC35A105187493;6AM3686;ANO
17322;ZCFCC35A305187494;6AM3685;ANO
17323;ZCFC150A005091931;6AX8227;ANO
17324;ZCFC150A505091939;6AD6233;ANO
17325;ZCFC150A105091940;6AE3757;ANO
17326;ZCFC150A605061221;5AB8950;ANO
17327;WF0RXXWPGREP41596;4AI1688;ANO
17328;WF0SXXWPGSGE20607;5AU1338;ANO
17329;ZCFC150A505048847;1UJ7506;ANO
17330;W1V9106211P260959;6M98303;ANO
17331;VF3YCCNFC12S72127;8AS7476;ANO
17332;W0VMR3607LB216166;1UE5199;ANO
17340;VF1MB000763089213;;ANO
17341;VF1MB000X62127779;;ANO
17347;ZCFC65A6105973246;3AT5558;ANO
17348;ZCFC65A6105972990;3AT5564;ANO
17349;ZCFA71EF502657232;5AV3896;ANO
17350;ZCFC265A005025536;4AT0329;ANO
17351;VF1MA000060303978;;ANO
17352;VF1MA000460930991;9AU3425;ANO
17353;VF1MB000362127820;;ANO
17355;ZCFC35A6005706274;9AX8616;ANO
17356;ZCFC3571605951805;6AN3901;ANO
17357;ZCFC3571605911330;2AX9466;ANO
17358;ZCFC65A2005742296;3M47469;ANO
17359;ZCFC365A805131827;6M18253;ANO
17360;ZFA25000002P72679;1TY2724;ANO
17361;ZCFC250F505193749;4SH7823;ANO
17362;WV1ZZZ7HZKH123469;2BF5384;ANO
17363;ZFAFFL002J5065549;;ANO
17364;WF0DXXTTGDEG42860;4AP7454;ANO
17367;VF6VG000962524657;6E06481;ANO
17368;VF6VG000762524611;6E06456;ANO
17370;VF1VB000363456886;;ANO
17371;WF0YXXTTGYLL43188;;ANO
17372;ZFAFFL000J5065548;;ANO
17373;ZFA25000002590280;3SC5219;ANO
17374;VF1MA000X61184797;;ANO
17375;ZFA25000002E79067;;ANO
17377;VF3YDTMFC12A56226;;ANO
17378;VF3YDUMDC12A32488;;ANO
17379;VF3YD3MAU12K06193;;ANO
17380;VF1MB000463089055;;ANO
17381;VF1VB000362901312;;ANO
17382;WDB9067331S906218;8U06358;ANO
17383;ZCFC535D205363858;8H34794;ANO
17384;ZCFC150A205091932;7AS9974;ANO
17385;WV1ZZZ2DZ5H023951;5L06067;ANO
17386;VF1VBU4S152440136;4AR7846;ANO
17387;VF1VBU4D148887076;3AM9022;ANO
17388;WDB9061331N736335;6AT1776;ANO
17389;VF6MF000258950118;;ANO
17390;VF1MA000467953808;;ANO
17392;VF1MBM4S154807544;6H55270;ANO
17393;VF1MB000962529681;7H88192;ANO
17394;ZCFC50A0035437732;4Z40976;ANO
17395;ZFA25000002825687;;ANO
17396;TMBHS21Z672108031;9AR3948;ANO
17398;VF1MB000962331585;1TN9948;ANO
17399;WV2ZZZ7HZEH053013;1BN1055;ANO
17400;ZCFC260C405058936;5J66883;ANO
17402;ZCFC35D3005889594;2BK8372;ANO
17403;ZCFC60A5005818648;1BJ9985;ANO
17404;WV2ZZZ7HZEH024047;5SM2736;ANO
17405;ZFA25000001552819;3SB2380;ANO
17406;ZFA25000002903538;5L03244;ANO
17407;ZFCC635A505009478;2BH0961;ANO
17408;ZCFC535CXN5484832;;ANO
17409;ZCFC535C2N5484453;;ANO
17410;VF3YCBMFC12036411;6U62215;ANO
17411;ZFA25000002C56760;8U92157;ANO
17412;WDF63960313556922;7B03598;ANO
17413;VF77A9HN0GN514471;5J73598;ANO
17414;ZCFC65A6105941969;4E67020;ANO
17415;JMZGH148281129208;1ACS680;ANO
17416;W1V9076351P473080;9AU9293;ANO
17417;W1V9076351P472630;9AU9283;ANO
17418;W0LVSU4S1GB111521;5AU0909;ANO
17419;WF0XXXBDFX7T31753;6AF9137;ANO
17420;ZFA25000002962847;;ANO
17421;WF0XXXTTGXKC22081;4K88300;ANO
17422;VF6MF46UK55657467;6AP2427;ANO
17423;VF1MAFARA53430855;6H33460;ANO
17424;VF3YDPMAU12990003;5AM6647;ANO
17425;ZCFC135D3H5175678;9U63765;ANO
17426;ZCFC135D3H5150599;9U69803;ANO
17427;VF1VB000661409816;4SJ0872;ANO
17428;VF1MA000262766810;9AU5166;ANO
17429;VF1VB000263788835;;ANO
17430;VF1MA000962766836;9AU9271;ANO
17431;VF1MA000262766872;9AU3299;ANO
17432;VF1MA000462766906;;ANO
17434;VF1VB000063456845;;ANO
17435;VF1VB000663456879;;ANO
17436;VF1VB000463456895;;ANO
17437;VF1MA000362766895;9AU3428;ANO
17438;WF0SXXWPGSKD62341;9AU3427;ANO
17439;VF1MA000X62767087;9AU9275;ANO
17442;TMBHS21Z372107340;2E65519;ANO
17443;WDB9061331N672011;5AR4759;ANO
17444;WDB9061351N629629;4AZ9685;ANO
17445;WDB9061331N737145;6AR1065;ANO
17446;ZCFC150A805091935;5AN2625;ANO
17447;ZCFC150A105091937;6AY4078;ANO
17449;ZCFC65A0105748639;2SA1202;ANO
17450;W1V9071351N142377;5SH8640;ANO
17451;VF1MB000362377820;1TN9946;ANO
17453;WDD2130051A739030;7AY4177;ANO
17455;W1K2130051A972354;8AT5896;ANO
17456;W1K2130051B062005;9AD2834;ANO
17457;W1K1770031N194928;8AJ2363;ANO
17458;W1K2130051B043019;9AC4398;ANO
17459;W1N2476131W133426;8AV2924;ANO
17460;W1K2130051B014638;9AB0680;ANO
17469;VF1VB000760270558;1UE9519;ANO
17470;ZCFC65D0005783523;9S45778;ANO
17471;ZFA25000002570894;5H86451;ANO
17472;ZFA25000002656581;5H94964;ANO
17473;ZFA25000002659964;6H01006;ANO
17474;WDF44770313308267;6AF5767;ANO
17475;ZCFC150D505286093;6E33652;ANO
17476;ZFA25000002J36552;2BB6983;ANO
17478;WF0SXXWPGSKD62385;9AU3417;ANO
17479;ZCFC335D905160469;6AE6071;ANO
17480;VF3YC2MAU12F88669;4SJ6090;ANO
17482;TMBHS21Z572107274;2E65517;ANO
17483;ZCFC170D605293100;;ANO
17486;WF0YXXTTGYFU77020;9C39901;ANO
17487;ZCFC635A605083430;8AZ3783;ANO
17488;WDD2130051A599192;;ANO
17489;VF6VG000666517464;6Z90272;ANO
17490;VF6VG000369594355;7Z25418;ANO
17491;VF6VG000367290938;7Z02844;ANO
17493;ZCFC3572005345480;8U81596;ANO
17494;WF0FXXTTGFEA19901;8C99534;ANO
17495;ZFA26300006G71497;5SF7316;ANO
17496;ZFA25000002L18511;6Z64862;ANO
17497;ZFA25000002J15533;6Z32250;ANO
17498;WF0SXXWPGSHP19277;6AF6762;ANO
17501;WF0SXXWPGSKD62442;;ANO
17502;VF1MA000562766932;9AU5154;ANO
17503;VF1MA000962766951;9AU5237;ANO
17504;VF1MA000762766768;9AV3715;ANO
17506;VF3YDCNFC12M85469;6J64647;ANO
17507;ZFA25000002307628;3AD2049;ANO
17508;W1N2539151F977809;8AT3545;ANO
17509;ZFAFFL001J5072735;;ANO
17510;VWASXTF24H7201886;4K82517;ANO
17513;TYBFEB01ELDB02004;4SR7241;ANO
17514;WF0SXXWPGSKD62416;9AU3438;ANO
17515;VF1MA000261613060;9AV3703;ANO
17516;VF1MA000562767109;9AX4499;ANO
17517;WF0SXXWPGSKD62268;9AU9273;ANO
17518;WAUZZZF23LN071255;9AT3672;ANO
17519;ZCFCA35B10D694379;;ANO
17520;WF0SXXWPGSKD62414;9AV3708;ANO
17521;VF1MA000762766804;9AV3676;ANO
17522;WV1ZZZSYZK9032950;7AT2293;ANO
17523;ZFA25000001513006;;ANO
17524;ZCFC335C405059234;5L06166;ANO
17525;VF6VG000469904268;;ANO
17526;WF0SXXWPGSKD62506;9AU3436;ANO
17527;WF0SXXWPGSKD62418;9AU3448;ANO
17528;WF0SXXWPGSKD62456;9AU4784;ANO
17530;ZCFC650D305349211;6E51244;ANO
17531;WV1ZZZ7HZKH004007;;ANO
17533;W1V9106331P357659;EL674AP;ANO
17534;VF3YD3MFC12D53327;9AZ3908;ANO
17535;VF3YD3MFC12D63722;1TC9426;ANO
17536;KMFAB17RPJK012958;1TJ8371;ANO
17537;KMFAB17RPJK012956;1TJ8369;ANO
17538;ZCFC650D805348667;6E51243;ANO
17539;VF1VB000763457023;9AJ6120;ANO
17540;ZFA25000002843267;7C15076;ANO
17541;ZFA25000001669682;3AH7059;ANO
17542;VF7YAAMFA11251143;3E04261;ANO
17543;VF7YAAMFA11425804;3E28574;ANO
17547;WV1ZZZ2KZ7X103696;8A27911;ANO
17548;VF654ANA000030674;8T59482;ANO
17549;WDB9061351N516065;5AE3131;ANO
17550;ZFA25000002A39510;5AL9384;ANO
17552;ZFA25000002B14307;5AP4215;ANO
17554;ZFA25000002E96730;6AL9658;ANO
17555;ZFA25000002G40107;7AB3719;ANO
17557;ZFA25000002E97202;6AL9657;ANO
17558;ZCFC150B805174290;7AB0144;ANO
17560;ZFA25000002947710;5AA1637;ANO
17562;ZCFA71EF202668088;4SE4573;ANO
17566;VF3YD2MAU12B96013;5AU2355;ANO
17568;VF7ZBRMNB17520718;7AK0823;ANO
17569;WV1ZZZ2KZJX067250;6AX7805;ANO
17570;WV1ZZZ2KZJX069268;6AY6759;ANO
17571;WV1ZZZ2KZJX069247;6AY2039;ANO
17572;WDB9066551P284713;5AM4059;ANO
17573;VF1MA000558675428;9AV3665;ANO
17574;WF0SXXWPGSKD62487;;ANO
17575;VF1MA000X62766943;9AX9161;ANO
17577;WF0SXXWPGSKD62313;;ANO
17578;VF1MA000662767099;9AX9172;ANO
17579;WF0SXXWPGSKD62291;9AU9276;ANO
17580;ZCFC135B705169885;6AL7509;ANO
17581;VF3YD3MAU12H93513;7AF7773;ANO
17582;WF0DXXTTGDHB58152;;ANO
17583;WDB9061551N567533;3AT1629;ANO
17584;ZCFC50A2005745454;9AL7716;ANO
17586;WV1ZZZSYZK9048578;7AL9687;ANO
17588;WDB9061531N714928;5L43677;ANO
17589;WF0EXXTTGEJY04865;5L49883;ANO
17590;WF0EXXTTGEGR00183;5L20497;ANO
17592;WF0NXXTTFNBM06811;3L99984;ANO
17593;WF0TXXERPTBD93485;3L99807;ANO
17594;UU1F6720462302465;5L89270;ANO
17595;WV1ZZZ2KZJX071688;6AY6761;ANO
17596;WV1ZZZ2KZJX071653;6AY6760;ANO
17597;VF1MA000364996747;7H49185;ANO
17598;VF1MA000X64044358;7H49011;ANO
17599;ZCFC150A705091943;7AM1796;ANO
17601;ZCFC150A905091944;6AA8849;ANO
17602;ZCFC150A805061222;6AD6256;ANO
17603;ZCFC150A705098200;5SU2035;ANO
17604;ZCFC150A105065256;5AD3440;ANO
17605;WV1ZZZ2EZD6032020;4E85978;ANO
17606;WV1ZZZ2EZD6026417;3AI6910;ANO
17607;WV1ZZZ2EZE6006483;3AP9397;ANO
17608;WV1ZZZ2EZE6022086;3AX0781;ANO
17609;WV1ZZZ2EZF6014213;4AI7272;ANO
17610;WV1ZZZ2EZG6043314;5AP8204;ANO
17611;WBAFH610100B37808;4AJ5094;ANO
17612;TMBKS21U938683791;3L46741;ANO
17613;WDF44770513614159;8AX2060;ANO
17614;VF1VB000470128542;;ANO
17615;VF1VB000970128522;;ANO
17616;VF1VB000570128243;;ANO
17617;VF1VB000669290957;;ANO
17618;W0LVRE4Z6GB112239;5AY4336;ANO
17621;ZFA25000002L64875;8C52251;ANO
17622;VF6VF000163554653;7H35060;ANO
17623;VF6VG000163655298;6Z64902;ANO
17624;VF6VG000163655608;6Z64956;ANO
17625;ZFA26300006101292;6AN2480;ANO
17626;ZCFC35A710D501633;6E90608;ANO
17628;ZFA24400007795777;8U38113;ANO
17629;VF3YDPMAU12A98683;9T06132;ANO
17630;WUAZZZF27RN900147;1AEA880;ANO
17634;VF3YCUMGC12B11315;1BS1315;ANO
17635;VF3YCUMHU12A16881;1BS2224;ANO
17636;ZCFC5980105216055;CBA7703;ANO
17638;VF1VB000168755506;7M10315;ANO
17639;VF3YB2MFB12E28252;8AJ1081;ANO
17640;VF1MA000262767181;9AX9163;ANO
17642;ZCFA71EF002668171;4SE4572;ANO
17643;WDD2573231A022711;7AS2803;ANO
17644;VF6SGFF2492100900;;ANO
17645;ZCFC70D0005871370;;ANO
17646;WV1ZZZ2FZG7011741;;ANO
17647;VF3YDUMFC12888068;;ANO
17648;VF1VBU4Z252303786;9U27308;ANO
17649;WF0SXXWPGSKD62468;9AV7321;ANO
17650;WF0EXXTTGEKL50967;;ANO
17651;W1V9076351P387334;2BU6740;ANO
17652;WDB9066331S924237;7P44040;ANO
17653;VF3YCTMFB12425673;2BS2722;ANO
17654;W0VMR8601MB269184;2BV6136;ANO
17655;VF3YC3MFC12J54739;6M67996;ANO
17656;WF0FXXTTFF8A35699;4SV3892;ANO
17657;VF1FDC1M642291648;4Z02653;ANO
17658;VF1MA000661353827;9AV5104;ANO
17659;ZCFC735BX05415178;;ANO
17660;ZCFC250C105139726;1TC6228;ANO
17662;WV1ZZZ7HZBH092619;6AJ1507;ANO
17663;VF1MA000971007935;9AV7446;ANO
17664;ZCFC50D1005819231;9AH3066;ANO
17666;ZCFC65A600D513513;2SL2154;ANO
17667;ZCFC165C105018471;3SN1856;ANO
17668;ZCFC65A600D513508;4SE8527;ANO
17669;ZCFC65A600D514781;2SL2139;ANO
17671;WF04XXWPG4GR04000;2TC2606;ANO
17672;ZCFC735B505325484;8P86565;ANO
17673;ZCFC835F205487413;9P01204;ANO
17674;VF1VB000656525180;4K11739;ANO
17675;ZCFC65A2005739821;5P48925;ANO
17676;ZCFC60A5005881157;2AK3555;ANO
17677;ZCFC65D0005666938;8S55572;ANO
17678;ZCFC60A5005849022;2AA0789;ANO
17679;ZCFC135B805263421;8P68571;ANO
17680;WF0SXXWPGSKD62467;9AV8716;ANO
17681;WF0SXXWPGSKD62376;;ANO
17682;WF0SXXWPGSKD62530;;ANO
17683;WF0YXXTTGYDE40250;9B74136;ANO
17684;WF0ZXXBDFZCK40932;1SY2726;ANO
17685;ZCFC50A4105978542;5E18299;ANO
17686;ZCFC150A505091942;6AD8900;ANO
17687;ZFA25000002901404;4AV6749;ANO
17688;ZCFC150A405091933;5SX2110;ANO
17689;VF1JL000659351766;7AB2282;ANO
17690;VF1VA000769983152;1AAI514;ANO
17691;VF7YASMFA12942432;3SM4550;ANO
17692;ZCFCA35B90D694372;;ANO
17693;ZCFCA35B50D694384;;ANO
17694;ZCFCA35B00D694387;;ANO
17695;ZCFC65A0005393327;5SP8971;ANO
17696;ZCFC135A205026219;5SH9271;ANO
17697;W1K2231631A066752;9AP9078;ANO
17699;KMFAB17RPJK012953;1TJ8357;ANO
17700;KMFAB17RPJK012952;1TJ8364;ANO
17701;KMFAB17RPJK012949;1TJ7928;ANO
17702;W1V9071351N129012;1UA9063;ANO
17703;WF0DXXTTGDHA46361;2BR8441;ANO
17704;W1V9071351N110935;2BT9658;ANO
17705;WDB9066351P332623;1TN6949;ANO
17707;WF0RXXWPGRES76296;8U11966;ANO
17708;VF1MA000962766755;9AY4544;ANO
17709;WV1ZZZSYZH9010028;5J68689;ANO
17711;VF7YD2MFC12L39869;7AR6988;ANO
17712;VF7YDBNFC12N08245;6J79964;ANO
17713;VF3YD3MAU12F48249;6AN3899;ANO
17715;WV1ZZZ7HZ9H019835;1BZ6737;ANO
17716;ZCFC3583005702987;8P67097;ANO
17717;WBA21EN0009R74369;;ANO
17719;ZFA25000002J32842;7AH0848;ANO
17720;WDB9071351N024086;2BM6185;ANO
17721;WDF44760313071962;1BE7139;ANO
17722;WDD1771871W012129;4K67714;ANO
17723;ZFA25000002H18181;7P45851;ANO
17725;W1K2231331A143196;9AD9711;ANO
17726;W1N4633501X431647;;ANO
17727;WV1ZZZ2KZGX081791;5AH3862;ANO
17728;WF0XXXTTGXJA75122;9C19223;ANO
17729;VF1MA000971327384;9AV7447;ANO
17730;VF1MA000271327646;;ANO
17731;VF1MA000471327647;;ANO
17732;VF1MA000671327648;9AV6271;ANO
17733;WF0PXXTTFP4Y57048;6U97329;ANO
17734;VF6MF000970517347;2TF8798;ANO
17736;WDB9066111S880420;3K59484;ANO
17737;ZCFC135D205297968;1TP0541;ANO
17738;WF0XXXTTFXDD27453;5H87751;ANO
17740;VF1MA000665515268;8C76376;ANO
17741;VF1VB000466847124;8AT8566;ANO
17742;VF1VBU6V250534205;5SI7158;ANO
17743;VF7YCTMFB12510005;3AU8177;ANO
17744;WF0XXXTTFXCB43912;7U01440;ANO
17745;VF1VB000166843712;8AP2152;ANO
17748;WDB9066331S218197;2AT4855;ANO
17749;W0VMR860XLB222587;7M24395;ANO
17750;W1K2130051A975199;8AX0747;ANO
17752;VF3XU9HM0DZ039456;2SX9193;ANO
17753;WF0SXXWPGSKD62481;9AY4523;ANO
17754;WF0SXXWPGSKD62296;9AY4474;ANO
17755;WF0SXXWPGSKD62432;9AY4525;ANO
17756;ZFA25000002B16474;3SX2340;ANO
17757;VF14FL00252100092;6C90395;ANO
17758;ZCFC635C605562139;;ANO
17759;ZCFC635C505561757;1AAF805;ANO
17760;ZCFC635C805561400;1AAF693;ANO
17762;ZCFC65D0005677951;2SB7520;ANO
17763;VF3YDPMFC12835184;9T18539;ANO
17764;ZFA25000002D35739;6AF1592;ANO
17765;VR7EFBHYBKJ609028;9AV8724;ANO
17766;VR7EFBHYBKJ635879;9AV9962;ANO
17767;ZCFC65D0005635911;8T73144;ANO
17768;ZCFC65D0005646286;8T71547;ANO
17769;ZFA25000002603736;5H94963;ANO
17770;ZFA25000002565578;5H94961;ANO
17771;WV1ZZZ2EZE6035615;9AI4723;ANO
17773;VF6VG000359716176;5E68734;ANO
17774;ZCFC1357805995348;4SI7928;ANO
17775;ZFA25000002F89008;1BU8038;ANO
17776;VF1MAF4SE52248093;1BB7517;ANO
17777;VF1MAF4SE51863902;1BA2945;ANO
17778;WDB9066331S355524;4C22630;ANO
17779;ZFF93LMB000294992;6SF3108;ANO
17780;VF3YDCNAU12N75115;1TU1406;ANO
17782;VF1VBU4Z251651800;4AJ0065;ANO
17783;W0VMRY602KB165008;7AI0148;ANO
17784;W0VMRU608JB150424;7AB9673;ANO
17785;WDF44760313341701;8AL7359;ANO
17787;ZCFC50D1005895242;5H33738;ANO
17788;ZCFC650D405372576;2BK3922;ANO
17789;VF1MA000061202210;9AY7058;ANO
17790;WF0SXXWPGSKD62345;9AY4445;ANO
17791;ZFA25000002A73296;;ANO
17792;VF1VB000860952364;9U44916;ANO
17793;ZCFC50A1005576799;5A61005;ANO
17794;VF1VB000359903986;4SM4115;ANO
17795;ZCFC735B905425572;8AT7804;ANO
17796;VF1FDC1L639125737;4P26461;ANO
17798;ZCFC535D805364772;2BK1794;ANO
17799;ZFA25000001086153;2SV7372;ANO
17800;ZCFC3594005874024;2AH3673;ANO
17801;ZCFC535A805053266;6E92103;ANO
17802;ZCFC235B805189768;7AS2446;ANO
17803;ZCFCD35A905297351;9AK6058;ANO
17804;VF1MA000567580178;7H78743;ANO
17805;ZFA25000002241494;3AF0257;ANO
17806;WV1ZZZ2FZC7001072;1SZ4212;ANO
17808;ZCFC650D705360874;7E27597;ANO
17809;ZCFC650D905360875;7E27588;ANO
17811;WF0XXXTTFXBS10041;3SE7919;ANO
17812;WDB9066351S909046;4SB7682;ANO
17813;WDB9066331S863060;3AU6611;ANO
17814;W0LVSL606HB130551;3SR2171;ANO
17815;WF0FXXTTFF9R22116;3L85785;ANO
17816;WV3ZZZ7JZ4X039466;1SI2377;ANO
17817;WV1ZZZ70ZVH091635;5ST3534;ANO
17818;WDD1173031N021352;6AH9741;ANO
17819;WF0XXXTTFXCC57941;7U26012;ANO
17820;ZCFC3593005918551;2AZ2434;ANO
17821;WDB9066331S948248;3SH5804;ANO
17822;ZCFC135AX0D551051;8AH2367;ANO
17823;ZFA25000002011230;9AD3453;ANO
17824;ZCFC650DX05372310;2BK3921;ANO
17825;WDB9071351N021865;1TT4271;ANO
17826;WDB9071351N022369;1TS3749;ANO
17827;WDB9061311N414951;1AC8821;ANO
17828;WDB9061311N396609;9A55237;ANO
17829;WDB9061311N384103;1AB8322;ANO
17830;WDB9061311N411860;6H33438;ANO
17831;ZCFC635C505562505;1ABU165;ANO
17832;ZCFC70C1005991092;5Z34050;ANO
17833;WF0YXXTTGYFL62276;3SN8629;ANO
17834;VF1FLAMA67Y183063;3C36403;ANO
17835;VF1MA000962766867;9AZ2333;ANO
17836;VF1VB000365141767;1UC5376;ANO
17837;VF1VB000X64110148;1UD5861;ANO
17838;ZFA25000002R38156;5SL7094;ANO
17839;W0VMRY601KB165579;7AI6717;ANO
17840;ZCFC35A8005774152;3SE9354;ANO
17842;WF05XXTTF5BY57102;7H09023;ANO
17843;WDD2221321A202987;7AF7070;ANO
17844;WV3ZZZSZZK9012213;1TK7372;ANO
17845;VF1MAFEDC49580316;2TF5676;ANO
17846;WV1ZZZ2EZF6016214;1TH7088;ANO
17848;WV1ZZZ2KZCX098205;2AS2069;ANO
17849;WMA03VUY8R9009089;;ANO
17850;WMA03VUYXR9003472;1AAD712;ANO
17854;WF0SXXWPGSKD62400;9AY7100;ANO
17855;WF0SXXWPGSKD62438;9AY8843;ANO
17856;WF0SXXWPGSKD62250;9AY9354;ANO
17857;WF0SXXWPGSKD62436;9AY7051;ANO
17858;WF0SXXWPGSKD62374;9AZ2308;ANO
17859;ZFA26300006J03967;4SB7736;ANO
17860;ZFF93LMB000296121;9AX4029;ANO
17861;ZFA25000002P14927;8AI0569;ANO
17862;VF1MAFARA54100240;5AA1360;ANO
17863;ZCFC635D305378401;5SD3271;ANO
17865;WMA11VUY3N9006556;9AE0690;ANO
17866;VF1VB000059368146;1BP6555;ANO
17868;ZCFC650D405360878;7E21884;ANO
17869;TK9CHT202H1SS5367;5AJ3509;ANO
17870;VF3YD3MAU12E16311;5E88585;ANO
17871;VF3YC3MFC12C85858;6M18054;ANO
17872;VF1VBU4Z255849537;;ANO
17873;WV1ZZZ2EZ96027064;1AC1372;ANO
17875;W1K2060071R066129;9AK8557;ANO
17876;ZFA25000002591496;6H04656;ANO
17877;WV1ZZZ7HZAH251508;1AR0648;ANO
17881;WV1ZZZ2KZLX103902;2BM5764;ANO
17882;WV1ZZZ2KZLX138536;3BB5949;ANO
17884;VF3YD3MFC12K70957;6J64648;ANO
17885;WF0DXXTTGDGY86921;8U69276;ANO
17886;ZCFC135D2K5281529;1TP0138;ANO
17888;WV1ZZZ2KZLX104643;2BM5607;ANO
17889;WV1ZZZ2KZLX104694;2BN5280;ANO
17891;VF1FL000257658823;7C85479;ANO
17892;VF3YAAPFB12U16250;2BR3707;ANO
17893;W1N2477131J399316;9AK0093;ANO
17894;WV1ZZZ2EZC6005849;7AI6580;ANO
17895;ZCFC3594005805563;9S78184;ANO
17896;WF0SXXWPGSKD62485;;ANO
17897;WF0SXXWPGSKD62492;;ANO
17898;WF0SXXWPGSKD62472;;ANO
17899;WF0SXXWPGSKD62348;;ANO
17900;WF0SXXWPGSKD62279;;ANO
17901;WF0SXXWPGSKD62461;;ANO
17902;WF0SXXWPGSKD62491;1AAA171;ANO
17903;WF0SXXWPGSKD62495;;ANO
17904;WF0SXXWPGSKD62496;1AAA239;ANO
17905;WF0SXXWPGSKD62498;;ANO
17906;WF0SXXWPGSKD62493;1AAA063;ANO
17907;WF0SXXWPGSKD62483;1ABJ871;ANO
17908;WF0SXXWPGSKD62241;;ANO
17909;WF0SXXWPGSKD62434;;ANO
17910;WF0SXXWPGSKD62440;;ANO
17911;WF0SXXWPGSKD62396;;ANO
17912;WF0SXXWPGSKD62358;;ANO
17913;WF0SXXWPGSKD62395;1ANK588;ANO
17914;WF0SXXWPGSKD62439;;ANO
17915;WF0SXXWPGSKD62482;;ANO
17916;VF1VBU4E245837484;4AV2308;ANO
17917;W0LJ7BHB69V616539;5E89433;ANO
17918;ZFA25000002P15344;8AI0568;ANO
17919;ZCFC150A305091941;5AP6981;ANO
17920;ZFA26300006G86168;6AJ8812;ANO
17921;VF1MA000166632993;9AZ2056;ANO
17922;VF3YD3MFC12E80419;6AJ8874;ANO
17923;VF3YDTMFC12976728;5AB2813;ANO
17924;VF7YCTMFC12180579;9U00819;ANO
17925;VF7YCTMFC12360619;3AI3986;ANO
17926;VF3YDTMFC12888133;4AU9274;ANO
17927;VF3YDTMFC12513755;3AT2406;ANO
17928;WF0XXXTTFXCG39531;9U80553;ANO
17929;WF0XXXTTFXCB48843;9U33741;ANO
17930;WDB9061351N655522;7P94695;ANO
17931;W1V9071351N085183;8P08452;ANO
17932;WDF4156031U215074;6AU1342;ANO
17933;WDF4156031U215073;6AU4315;ANO
17934;UU18SDRV559139718;4SC0874;ANO
17935;VF1MA000162767012;1AAD871;ANO
17936;VF1MA000162766930;9AZ2411;ANO
17938;WDF63960313135780;1AK7506;ANO
17939;VF1MA000065032374;6SD2161;ANO
17940;ZCFC170C605122421;7J40334;ANO
17941;TKXD57135FABA0643;5Z52858;ANO
17942;ZCFC535D805445495;8P82655;ANO
17943;W1K2062051F048539;9C43231;ANO
17944;VF1MA000362767092;1AAD908;ANO
17945;VF1MA000662767197;1AAA068;ANO
17946;TMBJJ7NU1M5035290;;ANO
17947;WVWZZZCDZNW505904;;ANO
17948;WVWZZZCDZLW023169;;ANO
17949;VXKUSHNSKMW039395;;ANO
17950;VXKUPHMHDL4457710;;ANO
17951;VF1MA000357635595;1BT5957;ANO
17952;VF656ANA000012361;1AAD595;ANO
17954;WDF44760313071906;1BE7135;ANO
17955;VF1MA000459074943;6M55007;ANO
17956;WMA03VUY7R9003543;1ABB464;ANO
17957;VF1MA000962568614;6M69834;ANO
17958;WDF63971113728121;1UM2178;ANO
17959;VF3YC3MFC12L75792;7AS8908;ANO
17960;ZCFC265A805131863;7E08390;ANO
17961;ZAPNP6B1D0P001310;4K86482;ANO
17963;ZCFC735F805517145;9AP2217;ANO
17964;ZCFC650D605371798;7E22228;ANO
17965;ZCFC650D905372055;7E36508;ANO
17966;VF1MA000062767194;;ANO
17967;VF1MA000762767080;;ANO
17968;VF1MA000562767143;;ANO
17969;VF1MA000162766779;;ANO
17970;WV2ZZZ70Z2H059124;5AR3570;ANO
17972;VN1J9A2H641572730;1AF8181;ANO
17974;VF1MA000862766813;1ADA390;ANO
17975;VF1VB000762138906;;ANO
17977;ZCFC50A2005799796;3E59688;ANO
17979;VF1VBU4E245837505;3AB8630;ANO
17980;WV3ZZZ5ZZK9005599;1BZ5448;ANO
17981;WV1ZZZ2FZG7014813;1BE1004;ANO
17982;WDB9061331N571427;6AU4038;ANO
17983;WDB9061331N722469;6AK1924;ANO
17984;VF3YDCNFC12T55065;;ANO
17986;ZCFAH1EG202720678;5SP3147;ANO
17988;VF14FL00252070096;6C90394;ANO
17989;ZCFC150B305260655;7AI6645;ANO
17990;ZCFC150AX05091936;5AP6980;ANO
17991;VF1VBU4Z252416083;9AZ2955;ANO
17992;ZCFC35A3605861363;9AT3910;ANO
17993;ZCFC35A7505972329;9AS9852;ANO
17994;NLJVWH7JP6Z066836;5SK9471;ANO
17995;WDC2533051F268205;7P11496;ANO
17996;ZFA25000002H19709;6J50093;ANO
17997;WF0FXXTTFFDM14247;6AZ5147;ANO
17998;VF1VB000662768934;1ACL943;ANO
17999;VF1MA000567953834;;ANO
18000;W0VMRU601KB167874;7AJ3157;ANO
18001;VF1VB000557371331;5Z93374;ANO
18003;TYBFEA01BLDZ01154;9AV6623;ANO
18005;ZCFC135C005028147;4SD4524;ANO
18006;ZCFC170C805033028;6H47424;ANO
18007;WMA08VUZ4P9017259;;ANO
18008;WMA03VUY5J9005019;5L62953;ANO
18009;WMAN03ZZ2HY353459;7AV1978;ANO
18011;ZCFC535D305365635;6Z85004;ANO
18013;ZCFC465A705169420;5E91730;ANO
18014;WV1ZZZ2EZB6014250;2AD0161;ANO
18015;WBAKS810600S50128;6E46667;ANO
18016;W0VMR360XMB272684;9AC7645;ANO
18018;VF1MBH4D248765457;1TR9617;ANO
18019;WDB9061311N382998;1AB4271;ANO
18020;WDB9061311N383224;2SR9927;ANO
18021;WDB9036111R917473;1AA5184;ANO
18022;WDB9036111R908196;1AB2028;ANO
18023;WBA21EY0009T46615;1AAV630;ANO
18024;ZCFC335A805008155;3SU1673;ANO
18025;WV3ZZZSZZK9070754;7H26659;ANO
18026;ZCFC535D305359186;2BK5625;ANO
18027;VF1VB000561409810;5SE6233;ANO
18028;VF1VB000456728259;6AB3913;ANO
18029;ZFA25000002947726;5AA1620;ANO
18031;ZCFCE35B305538634;6SF4222;ANO
18032;W1V9106331P210213;1TU3042;ANO
18033;WF0YXXTTGYEP64864;7AH6107;ANO
18034;WF0RXXWPGRER77400;9T51575;ANO
18036;WF0RXXWPGRER75503;9T58723;ANO
18037;WDB9061551N567848;3AT9756;ANO
18038;SEYZNYLJFDN080838;1SE6281;ANO
18039;ZFA25000002250739;2SH2969;ANO
18040;ZFA26300006T40733;1AFC576;ANO
18041;ZFA25000002252203;2SD8898;ANO
18042;VF1FLA0A1EY524190;6C39615;ANO
18043;VF1VB000367761507;8AY5864;ANO
18044;W1N1679211A569443;2TB6225;ANO
18045;WDB9066331S670176;8B36662;ANO
18046;WDD1760121J347461;1ACJ475;ANO
18047;ZCFC650D605354452;4SX0843;ANO
18048;ZCFC650D905354185;4SX1184;ANO
18051;VF7YB3MFB12G14464;7AD0407;ANO
18052;VF7VFEHZ8KZ072682;;ANO
18053;ZFA25000002560715;3AY9982;ANO
18054;WBA11EV0009T83244;1AAV611;ANO
18055;WBA11EV0809T84724;1AAV624;ANO
18056;WBA11EV0X09T84661;1AAV634;ANO
18057;WMA03VUY1R9003375;1ADK647;ANO
18058;WMA03VUY3R9003524;1AAV311;ANO
18059;ZFA25000002591497;5Z53861;ANO
18060;WDB9061531N321157;6AN8320;ANO
18061;ZCFA75D0402598603;4Z71624;ANO
18063;TMBJB7NS4M8054541;7H73461;ANO
18064;ZFA25000002921569;5Z74997;ANO
18065;ZCFA75D0402575512;7C76555;ANO
18066;ZCFC2974005945068;;ANO
18068;WDB9061551N746882;3SC8763;ANO
18069;ZCFC650D505385563;2BP1087;ANO
18070;WDB9071551N006457;1BZ4855;ANO
18071;W0VMR2606MB272658;9AB8555;ANO
18072;WF0RXXWPGRER77386;9T57884;ANO
18073;WDB9061311N409337;3SH5382;ANO
18074;WDB9061311N414584;1AC8851;ANO
18075;WDB9061311N385193;1AJ1967;ANO
18076;WDB9061311N414583;6H64564;ANO
18077;WDB9061311N392992;9A34747;ANO
18078;WDB9061311N383898;1AB4459;ANO
18079;WDB9061311N414207;1AC8854;ANO
18080;VF1FLBMB67Y194238;2AI5146;ANO
18081;ZCFC150B705279595;7AL9466;ANO
18082;WV2ZZZSKZNX011111;5SN4755;ANO
18083;ZCFC150B605279314;7AL9467;ANO
18084;ZCFC150B605272914;7AL3667;ANO
18087;ZCFC535D305327077;6Z69790;ANO
18088;WMA03VUY3R9005046;;ANO
18089;WF0DXXTTGDJS48096;;ANO
18092;VF3YD3MDC12E42583;6AJ6694;ANO
18093;WDB9061331N450259;9T04535;ANO
18095;ZCFC135B205184164;5SH1901;ANO
18096;ZCFC235F105007301;5L76414;ANO
18097;WF0DXXTTGDJS45621;2BR8270;ANO
18098;ZCFC135B505247550;2BR3285;ANO
18099;WDB9066311S243847;2K35678;ANO
18100;WDD1760121J356591;1ACJ586;ANO
18102;WBATC610409M04160;9AH7427;ANO
18104;WMA03VUYXP9007664;9AZ9796;ANO
18105;ZCFC150D705271482;1BS8495;ANO
18106;ZCFC50A2005660756;7S07170;ANO
18107;ZCFC135D305318195;;ANO
18108;VF1VB000762276395;1TR9700;ANO
18109;VF1VB000457375869;9U33394;ANO
18110;WF0KXXTTGKJM57340;4SI9478;ANO
18111;VF1MA000565745013;8AL2428;ANO
18112;WDB9062531N452504;8P74978;ANO
18113;WDB9076331P148375;4SX2783;ANO
18114;ZFA25000002L54272;7AT6633;ANO
18115;VF3YD2MFC12D46107;6AF4750;ANO
18116;WF0EXXTTGEFP37350;1ADK387;ANO
18117;WF0XXXTTFX8S50867;8U93720;ANO
18118;WV1ZZZ7HZ6H060001;4SE5208;ANO
18119;VF3VFAHKHKZ010810;1UL8576;ANO
18120;WBA21EN0009U09619;1ABC731;ANO
18121;WF0EXXTTRELR04116;6SD9861;ANO
18122;ZFA25000002198116;;ANO
18124;VF1VB000563235290;4SY3901;ANO
18125;UU10SDA3549718907;9B40926;ANO
18126;WMA03VUY4R9005976;1AFN974;ANO
18127;VF7YB2MPB12G66605;6SB9429;ANO
18128;VF6VG000561530350;6Z57702;ANO
18129;WBA11EV0709T96444;1ACB067;ANO
18130;WBA11EV0909T00000;1ACB077;ANO
18131;WBA11EV0309T44938;1ACB097;ANO
18132;WF0FXXTTFF8G56223;5H06786;ANO
18134;W1K8P9AB0PF054415;EL426BE;ANO
18135;ZCFC3593005917223;7H34371;ANO
18136;WF0FXXTTFFDM14228;;ANO
18137;WF0FXXTTFFDM14249;;ANO
18138;VF7YASMFA12393184;3AJ1787;ANO
18140;SWV5AA14HMK000021;1UF6380;ANO
18141;WV1ZZZ2EZE6026190;4AA6652;ANO
18142;ZCFC135DX05162317;6H51399;ANO
18143;ZFA25000002207497;3AJ2384;ANO
18144;VF1VBU6F349818835;9B66579;ANO
18145;ZCFA1ED0402571952;3SH3771;ANO
18146;ZCFC135C405082289;1BH6135;ANO
18147;ZCFC150A405084805;5AK9694;ANO
18148;WV1ZZZ2EZD6033490;5H44462;ANO
18149;W1NFF3DE3RB086947;1ABC583;ANO
18150;VF1MA000762767127;;ANO
18151;WDB9061531N630028;5E36928;ANO
18153;ZCFC135B605289595;9AM3792;ANO
18154;WDC1668241A816094;5AT9891;ANO
18155;WDB9071351N015669;4SX3811;ANO
18156;WDB9061331N737144;6AR1064;ANO
18157;VF1VBU6Z352512386;4AS3132;ANO
18158;VF1VB000761409842;4SJ0702;ANO
18159;ZFA25000002E79368;7P10134;ANO
18160;VF0126DG121269547;7AB0565;ANO
18161;VF7YDPMFC12656444;4SN1897;ANO
18162;VF7YCPMAU12811741;7C02959;ANO
18163;ZFA25000002574237;9B55926;ANO
18165;WBA21EN0909U13975;1ABC701;ANO
18166;ZCFC535D005384109;5SL4875;ANO
18167;WDB9061551N704663;5L29569;ANO
18168;W0VF7D60XKV619317;7AS9739;ANO
18169;WV1ZZZ7HZKH123998;2BF5395;ANO
18170;VF7YBBMAD11228799;7S25684;ANO
18171;WV1ZZZ7HZJH177703;7AB2230;ANO
18172;ZFA25000002N72660;1UE0531;ANO
18173;VF7YC3MFC12D07910;5AZ9896;ANO
18174;VF1VB000767543442;6J80749;ANO
18175;ZCFC535D8M5427553;6J81179;ANO
18176;VF1VB000567543441;6J87890;ANO
18177;ZCFC535D905425904;8AX3780;ANO
18178;WDB9066371P192128;1AEN882;ANO
18179;ZCFC35A7505904467;9AS9834;ANO
18180;YARVFAHKHGZ067920;6AR2933;ANO
18182;VF3YDUMFC12804890;;ANO
18183;ZCFC170C705056655;5M75961;ANO
18184;ZFA25000002G88802;6Z27742;ANO
18185;W0VVS2600MB259655;5SM7497;ANO
18187;VF3YB3MFB12C82191;8AT6548;ANO
18188;VF3YB1MFB12F01559;5SX7568;ANO
18189;VF3YB2MFB12F86925;6E01401;ANO
18192;ZFA25000002N23939;8C76983;ANO
18193;ZFA25000002V45094;5SV5353;ANO
18195;WDB9066571S949109;4AK4879;ANO
18196;VF3YBTMFB12943480;8AJ0991;ANO
18197;ZCFC270D105149192;8U37881;ANO
18198;ZFA25000002795939;4AP9483;ANO
18199;WBA21EN0709U74161;1ABN178;ANO
18200;WBA21EN0309U41996;1ACC968;ANO
18201;VF3YBTMFB12694498;7AY8631;ANO
18202;WMA03VUY0R9007353;1ACY834;ANO
18203;ZCFC650D105385561;2BP1085;ANO
18204;VF1MA000660273630;9AK6811;ANO
18205;UU10SDCV556071698;5AS8483;ANO
18206;VF1MAF4JE47291991;9AB5122;ANO
18207;UU18SD6V556398872;9AI1317;ANO
18208;UU18SD23552332099;3SI4445;ANO
18209;UU18SDRV560535805;9AH0446;ANO
18210;VF6MFF6FJ43306665;9AL5033;ANO
18211;VF1MAF4JE45119215;9AI9270;ANO
18212;VF1MAF4DE47607260;9AB9714;ANO
18213;UU18SD6V554035991;9AR1356;ANO
18214;UU1K6720461186561;9AH0416;ANO
18215;VF1MAF4SE52762963;9AK6709;ANO
18216;VF1MAF4SE55841686;9AK6804;ANO
18217;UU18SD23553165883;3SL6832;ANO
18218;VF1MAF6ZE52065270;1AAP018;ANO
18219;VF1MAF4SE52764117;9AH1567;ANO
18220;VF1MA000X57876604;9AF4174;ANO
18221;UU10SDCV555966244;9AJ9410;ANO
18222;VF1MA000058029326;5SX2473;ANO
18223;VF1MAF4DE48023142;9AA5070;ANO
18224;VF1MAF4JE46247943;8AZ7750;ANO
18225;VF1MAF6EC43562709;9AB0956;ANO
18226;VF1MAF4ZE52773275;9AK5998;ANO
18227;VF1MAF4DE48648345;9AA8608;ANO
18228;UU18SD13553219652;9AP5554;ANO
18229;VF1MAF4SE52656314;9AI9186;ANO
18230;VF1MAF4TE50451206;9AJ0971;ANO
18231;UU18SD6V559361061;9AJ4813;ANO
18232;VF1MAF4CE43811681;9AH3908;ANO
18233;VF1MAF4CE45727802;9AK6809;ANO
18234;VF1MAF4PE50278207;8AZ8478;ANO
18235;VF1MAF4CE45454543;5SX2845;ANO
18236;VF1MAF4FE46998234;9AD6486;ANO
18237;VF1MAF4SF53934774;9AL5137;ANO
18238;VF1MAF4SE53430876;9AL5027;ANO
18239;VF1MAF4SE52318095;9AP5540;ANO
18240;VF1MAF4SE52016078;9AH1637;ANO
18241;VF1MB14J247602375;4AS3829;ANO
18242;WBA11EV0X09U64915;1ABX149;ANO
18243;WBA21EN0009U69173;1ACC975;ANO
18244;ZCFC250C405128963;5AX9350;ANO
18245;ZFA25000002001398;2AI1280;ANO
18246;ZCFC150C105043744;1TZ4126;ANO
18247;WV1ZZZSKZMX024310;9AC6035;ANO
18248;ZCFC635D705355350;2BX6056;ANO
18249;ZFA25000002A52304;;ANO
18250;ZFA25000002J20589;7AI1491;ANO
18251;ZCFC135C605080429;8P80123;ANO
18253;VF1VB000861516558;7P83880;ANO
18254;WMA03VUY9R9008887;;ANO
18256;WBAJD110X0G884109;6AM3484;ANO
18257;ZCFC3571605910820;2AX9351;ANO
18258;W1K1771841J281152;8AM4183;ANO
18259;W1V9106331P403458;2BX7172;ANO
18260;ZCFC160C105090407;2SV8220;ANO
18261;VF3YDCNFC12S60535;;ANO
18262;WAUZZZF17LD021195;8P16675;ANO
18263;VF1MAF4SE55107343;9AB9910;ANO
18264;VF1MA000256754048;9AN9523;ANO
18265;VF1MAF4SE56007215;9AP2890;ANO
18266;VF1MAFESC51075317;9AP5383;ANO
18267;WF0XXXTTFXDD20210;4E99325;ANO
18268;ZFA25000001997625;4P77500;ANO
18269;WF0YXXTTGYNM04144;;ANO
18270;ZCFC3583005726661;4E73207;ANO
18271;ZFA25000002644219;5Z33658;ANO
18272;WDB9061551N606116;8U33058;ANO
18273;WF0TXXWPGTFM70357;1ADI505;ANO
18274;VF7YCPMFC12498554;4L54531;ANO
18275;WV2ZZZ7HZ4X018273;2AH2369;ANO
18276;W1V9071331N212255;8S95673;ANO
18277;VF1MAF4VE50198062;9AI9015;ANO
18278;VF1MAF4SE51836922;9AK5955;ANO
18279;WV3ZZZSZ4P9066924;;ANO
18280;WV3ZZZSZ6P9069775;;ANO
18281;WV3ZZZSZ4P9069791;;ANO
18282;WF0YXXTTGYNR62560;;ANO
18283;ZCFC150D605258206;6M70257;ANO
18285;WV2ZZZ2KZHX151252;1TE4126;ANO
18286;WBA21EN0409T54446;1ACH506;ANO
18287;ZCFC135B705264625;5SP2923;ANO
18288;W0VMS360XMB248003;1UF0526;ANO
18291;VF7YCUMFC12963800;6H49066;ANO
18292;WDF4156031U152459;5L21813;ANO
18293;TYBFE73BB4DU06851;5SI7278;ANO
18295;VF1JL000859370612;7AB2283;ANO
18296;VF1JL000158118271;6AL2569;ANO
18297;ZFA25000002K61859;8C48502;ANO
18298;ZFA25000002K61788;8C48503;ANO
18299;WDB9061551N360722;3SD0292;ANO
18300;VF6VG000X56964278;5E67932;ANO
18301;WF0DXXTTGDKK55663;;ANO
18302;ZFA25000002V24084;2BV9806;ANO
18303;ZFA26300006W15835;5SP3312;ANO
18304;VXFVFEHTMNZ016240;9AD0436;ANO
18305;ZFA26300006W15225;5SP3313;ANO
18306;VF1FW16H654154699;5J67264;ANO
18307;W1V9077331P374831;2TB5606;ANO
18308;ZCFC650D505384915;2BP1086;ANO
18312;VF1MB000358490906;4SC0725;ANO
18313;WF0SXXTTFSCB52993;6M21961;ANO
18314;ZCFC235900D558478;;ANO
18315;ZCFC2358805178970;;ANO
18316;ZCFC235880D607627;;ANO
18317;VF1MAF4SE53563039;6AC6439;ANO
18318;VF3YBTMFB12974084;8AI8297;ANO
18320;VF1VB000560315402;4SM6261;ANO
18321;ZFA25000002942661;8AH3836;ANO
18322;VF7YCUMFC12972228;3SR6815;ANO
18323;WF0YXXTTGYLY69986;2TK8507;ANO
18324;VF1JL000958565978;6AL7079;ANO
18327;ZFA25000002N27606;1TU8827;ANO
18329;WV1ZZZ7HZ7H007274;3SF0484;ANO
18330;WDB9061351N722004;6AL6785;ANO
18332;WV3ZZZSZ2P9067361;;ANO
18333;ZFA25000001949459;5SN9744;ANO
18334;ZCFC1359405022033;4AP8346;ANO
18335;ZCFC1359205022032;5SJ4985;ANO
18336;VF1MA000561916608;4SN2235;ANO
18337;UU18SD23552880412;4AS9806;ANO
18338;WV1ZZZ2FZF7003171;8AY2474;ANO
18339;WF0FXXTTFF7E31383;1AL3241;ANO
18340;WF0FXXTTFFBP12830;8AE0717;ANO
18341;ZCFC35716C5921118;3AD2766;ANO
18342;WDB9061351N580691;8P20355;ANO
18343;VF1FLA0A1EY532044;6C55575;ANO
18344;VF1VB000463641741;2BI1702;ANO
18345;VF1MA000363311474;2BK1476;ANO
18346;VF1MA000X64047650;8P34862;ANO
18347;VF3YD3MFC12H26199;7P52040;ANO
18348;VF3YDUMAU12B85382;8U35771;ANO
18349;VF1MB14J244479491;5L41830;ANO
18350;ZCFC535A605063908;6AV2195;ANO
18351;ZCFC535A005108003;7AJ4701;ANO
18352;WF0FXXTTFF8R18211;8S79700;ANO
18353;VF3YBTMFB12995250;5AC2139;ANO
18355;ZFA25000002C42548;7AP8150;ANO
18356;ZCFCA35BX05342248;6SC1201;ANO
18357;WF0FXXTTFFCL35250;3SC8624;ANO
18358;W1NDM2EB7PA011523;EL930BS;ANO
18359;WBA11EV0309V48638;1ACN655;ANO
18360;WDB9066571P556470;8AK9877;ANO
18362;ZCFC150B205272912;7AL3668;ANO
18363;ZCFC150B605278745;7AL3539;ANO
18364;ZFA25000002894428;4AU9862;ANO
18365;ZFA25000002874040;4AU9388;ANO
18366;ZCFC150B405272913;7AL3666;ANO
18367;ZCFC150AX05061223;5AC2642;ANO
18368;ZCFC135B405262525;8P44066;ANO
18369;W0L6AZN1BG9593058;5Z83466;ANO
18370;ZCFC3571605910819;2AX6976;ANO
18371;UU18SD6V558480141;9AH0419;ANO
18372;VF3YCUMFC12903078;1BH5181;ANO
18373;VF3YD3MFC12E95621;6L29825;ANO
18374;VF3YDTMFC12887948;4AV6500;ANO
18375;VF3YD3MFC12D47420;6AE2048;ANO
18376;WV1ZZZSYZM9051322;2BS6509;ANO
18377;WBA21EN0209V44486;1ACY822;ANO
18378;WBA21EN0009V45555;1ACY839;ANO
18379;ZFA25000002K77759;7H34885;ANO
18380;ZCFC735B005347800;4SX1446;ANO
18381;VF3YATMFA12676702;1BA5877;ANO
18382;ZFA25000002713539;8U05054;ANO
18383;13803;3M02711;NE
18384;WV1ZZZ2KZLX007412;7AZ3188;ANO
18385;WV1ZZZ2KZLX006731;7AY8344;ANO
18386;WBA21EV0809U30055;1ADK176;ANO
18387;ZCFC50D000D351911;;ANO
18388;WV2ZZZ7HZBH065524;8U07100;ANO
18389;W1NFD3DBXPA990406;5SY8848;ANO
18390;W0VMR4606MB264149;8C64221;ANO
18393;ZCFC535A205053926;2BI1582;ANO
18394;W1N1671171A387044;EL276AK;ANO
18395;ZCFC535C6N5467462;5SR1523;ANO
18396;WDF63970513221130;7A85157;ANO
18397;VF3YD3MAU12F35329;1TC2135;ANO
18398;VF3YDPMAU12831163;6L50134;ANO
18399;WDB9061351N746069;6Z32542;ANO
18401;ZCFC535D5M5427882;5SV5083;ANO
18402;WMA03VUY0L9003827;4SP6077;ANO
18403;WMA03VUY1L9003822;4SP6078;ANO
18404;WMA03VUY1M9001912;5SF2274;ANO
18405;WMA03VUY9M9015900;5SF5970;ANO
18406;W0VMR8602MB227929;5SB9057;ANO
18407;W0VMR8602LB223300;5SB8144;ANO
18408;WMA03VUYXL9003821;4SP6074;ANO
18409;WMA08VUZ2L9005444;5SF2275;ANO
18410;W0VMR8607LB213703;5SB7580;ANO
18411;VF1MB000869494722;4K87038;ANO
18412;VF1JL000859273670;7AB2281;ANO
18413;VF1JL000459370610;6AS8195;ANO
18414;WDB9061551N716487;5J77849;ANO
18415;ZFA25000002E96416;4SI1678;ANO
18416;WV1ZZZ7HZKH035118;7AJ2416;ANO
18417;VF3XBAHZ8GZ021285;5AL9529;ANO
18418;ZFA25000002901466;5AR2705;ANO
18419;WF0HXXTTGHFU71620;8AX4896;ANO
18423;WDB9061551N560624;7AX9033;ANO
18424;VF6VG000X63655297;6Z64844;ANO
18425;ZFA25000002J02926;6Z32238;ANO
18426;VF3YD3MFC12K51079;7P75123;ANO
18427;W0L6WYD1BG9583789;5AC5588;ANO
18428;WDB9066331S958462;1BA8784;ANO
18429;ZCFC150B405285788;5L89447;ANO
18430;ZCFCH35A305367284;7E38394;ANO
18431;WF0CXXTTRCMC67869;;ANO
18432;VXEYDBPFC12U46899;1AKT055;ANO
18433;VXEYDBPFC12U45085;;ANO
18434;VXEYDBPFCNG011447;1ALD600;ANO
18435;VXEYDBPFC12V76655;;ANO
18436;VXEYDBPFCNG013869;1ADP611;ANO
18437;VF1HDC1K637149415;1BF6490;ANO
18438;ZCFC65C100D508950;5E10074;ANO
18440;VF3YCBNFC12N39257;8AL2439;ANO
18441;W1N2476131W124753;8AS4377;ANO
18442;ZCFC535C205454653;9C59511;ANO
18443;VF1VB000X57016705;6AC8648;ANO
18444;W0VVSL608JB157361;7AH7945;ANO
18445;ZCFC650DX05385560;2BP1164;ANO
18448;W0VMRT607JB161621;7AE5325;ANO
18449;W1K2132171A882946;8AJ2301;ANO
18451;1C4RJFBG5KC687124;6E29281;ANO
18452;WV2ZZZST7PH011227;EL198BK;ANO
18453;WDB9061531N742850;1ABJ389;ANO
18455;WV1ZZZ2FZ87007281;7J19534;ANO
18456;WDB9066571P186004;4AY1398;ANO
18460;VF1MA000164225817;2BI0428;ANO
18461;ZCFC535C005467174;5SR7219;ANO
18462;W0L2F7302FV608378;;ANO
18463;W1V3KFFZ0PP568419;1AHN668;ANO
18464;W1V3KFFZ8PP563128;;ANO
18465;ZFA25000002M18000;;ANO
18466;ZCFC650D005419697;4SZ7287;ANO
18467;ZCFC650D305419063;4SZ7085;ANO
18469;ZCFC135A505106047;8C26671;ANO
18470;ZCFCA50B905420621;9C25203;ANO
18471;ZCFCA50B405420946;5SC9569;ANO
18472;VF3YBTMRB12829062;4AT0516;ANO
18473;ZCFC50A4005925438;3AC3926;ANO
18475;WMAN14ZZ4KY388840;1AEB702;ANO
18476;WB2A12002J0000029;9AJ2622;ANO
18478;TMBAF73T2D9049462;2SP9946;ANO
18479;ZCFC135B205263673;4K83457;ANO
18480;W1N1671091A759000;9AM9393;ANO
18481;WAUZZZ4H2DN020760;9AB1275;ANO
18482;WV1ZZZ2EZG6039891;1UB7551;ANO
18483;YARVFAHKHGZ148367;7AU2925;ANO
18484;VF1MA000464615469;2BI2526;ANO
18485;VF7YCUMFC12A03591;1BK2699;ANO
18486;WMA03VUY3L9003952;4SP6076;ANO
18488;VF6VG000366517468;5SB4024;ANO
18489;VF6VG000665009095;4SX0185;ANO
18491;TMBJJ7NE3H0055648;5AS8685;ANO
18493;VF3YDCNFC12M15491;1BU3934;ANO
18494;W0L3F7218GV645109;8AK0095;ANO
18496;VXEYDCPAU12U68945;5SU3703;ANO
18497;VF1VA000167082189;5SA9915;ANO
18498;WDB9066351P502300;;ANO
18499;ZFA25000002N52253;1UC3027;ANO
18500;ZFA26300006A99404;8U71348;ANO
18501;ZCFC50A4005925439;3AD2929;ANO
18502;VF3YCBNFC12T60865;9AC9263;ANO
18505;WV1ZZZ2FZE7001418;6C11547;ANO
18506;VXEYCBPHU12U72130;;ANO
18507;VXEYCBPHU12U71816;;ANO
18509;ZCFC35A8005749937;9A03420;ANO
18510;ZCFC150B105214712;6AX9576;ANO
18511;ZCFC150B705165113;6AJ1394;ANO
18512;WDD1760121J578398;9P05954;ANO
18513;W1K2052151G030945;9P05568;ANO
18514;ZCFC250C705138564;6AC2421;ANO
18516;ZCFC235A805085515;5AH1271;ANO
18517;ZCFC135B305215860;5SI0116;ANO
18519;WV3ZZZSZ5P9063997;6SD0212;ANO
18520;ZCFC35C200D508686;3AV0352;ANO
18521;ZCFC3571205817465;1BD4942;ANO
18522;WDB9071351N027875;;ANO
18523;WDB9071351N027936;;ANO
18524;WDB9071351N028150;;ANO
18525;WDB9071351N028151;;ANO
18526;WDB9071351N027664;;ANO
18527;WDB9071351N027932;;ANO
18528;WDB9071351N028148;;ANO
18529;WDB9071351N027935;;ANO
18530;WDB9071351N027930;;ANO
18531;WDB9071351N027931;;ANO
18532;WDB9071351N028152;;ANO
18533;WDB9071351N028149;;ANO
18534;WDB9071351N027934;;ANO
18535;ZCFC335C505064099;3SM4848;ANO
18536;ZFA25000002T69429;7M33593;ANO
18537;ZCFCB35B005565301;;ANO
18538;ZCFC60C0005604070;3L96593;ANO
18540;W1N2476131W092733;8AM2757;ANO
18541;WV1ZZZ2EZ96035727;2AY3649;ANO
18544;ZFA25000002E96695;6AM0038;ANO
18545;ZCFCB35B605562581;1AFC560;ANO
18546;ZCFC670D305441821;;ANO
18547;ZCFC670D105442451;;ANO
18548;ZCFCB35B005567999;;ANO
18549;WDB9036631R914167;1AR9919;ANO
18550;ZCFC635C005509825;2BZ3805;ANO
18552;ZCFC635C505510534;1AFE978;ANO
18553;TKXD45227MABA3959;5E12821;ANO
18555;ZFA25000002128487;;ANO
18556;ZCFC2359205010962;6AK2480;ANO
18557;ZCFC359300D490790;4AR9009;ANO
18558;ZCFC650D705386116;2BP1165;ANO
18559;ZCFC635C705509062;5SY7401;ANO
18560;SZRBR2000L0013249;6E94958;ANO
18562;WF0XXXTTFXCK69266;5AD3815;ANO
18563;ZCFC150B305230801;6J06658;ANO
18564;WDB9066331P558037;1BT6004;ANO
18565;ZCFC650D605432938;2BX2261;ANO
18567;WMA03VUY8R9011439;1AHS182;ANO
18568;ZFA3340000P804564;500XBLUE;ANO
18569;WDC1668241A264157;5SL6290;ANO
18570;WDB9071351N028157;;ANO
18571;WDB9071351N028153;;ANO
18572;WDB9071351N028154;;ANO
18573;WDB9071351N027933;;ANO
18574;WDB9071351N028155;;ANO
18575;WDB9071351N028156;;ANO
18576;VF1MA000264615468;2BI1486;ANO
18577;ZFA25000002E52719;5SK8890;ANO
18578;ZCFC135A305017982;6Z53601;ANO
18579;ZCFC70F0005904918;6H63560;ANO
18580;VF3YBTMFB12A61082;5SX7569;ANO
18581;ZFA25000002858392;6SC0545;ANO
18582;VF7YCTMFB12B77347;5SX7572;ANO
18583;VF7YC2MFB12F10885;5SK9225;ANO
18584;VF7YATMFB12B04670;5SK8886;ANO
18585;ZFA25000002A90384;6SC0522;ANO
18586;JAATFS54HS7101482;4AK3731;ANO
18587;ZFA25000002967221;6SC0541;ANO
18588;VF3YB2MFC12C71190;6SA5264;ANO
18591;ZCFC435C005129986;3SX6401;ANO
18592;VF1MAF4SE53250235;1BI2085;ANO
18594;ZCFC150A205040690;5M65635;ANO
18595;WDB9066571S836962;3AZ6763;ANO
18596;WF0XXXTTGXJB10795;7AF1136;ANO
18598;WDB9066351P389247;5SY9055;ANO
18599;ZFA25000002R15042;5SY9048;ANO
18600;VF3YBTMFB12983546;5J45710;ANO
18601;VF3YB2MFB12J08781;2BU5681;ANO
18602;VF7YB2MFB12D23115;6SA6002;ANO
18604;VF7YCPMFB12575626;5SK8891;ANO
18605;ZFA25000002B16960;5SK9226;ANO
18606;WDB9066351S525891;4AF8634;ANO
18607;ZCFC870F605487087;2TE7375;ANO
18608;ZCFC165C705018717;2TE6650;ANO
18609;VF6MK000154439390;3SU8439;ANO
18610;WDB9076351P005079;7J19767;ANO
18611;WDD2050051R376601;7AE7344;ANO
18612;ZCFC50A2005645748;5M78356;ANO
18613;WDF44770313123604;7AL1812;ANO
18614;VXEYDCPAU12V21710;9AI3139;ANO
18615;ZFA25000002E43665;8AY3179;ANO
18618;WF0AXXTTRAKM06139;;ANO
18619;ZCFC35A7105917173;3SZ5571;ANO
18620;VF1MB000662646618;9U91045;ANO
18621;ZCFC150A405989917;5E30178;ANO
18622;W1NFB1HB4PA877068;EL434BE;ANO
18624;VF1MB000056819704;7AK7642;ANO
18626;ZCFC50A4005935071;2SF1892;ANO
18628;ZFA25000002L97530;4ST9989;ANO
18629;ZFA25000002F11757;;ANO
18630;ZFA25000002K73320;;ANO
18631;W1K1183541N301833;8P87438;ANO
18632;ZFA25000002L24761;5SK9260;ANO
18633;WV1ZZZ2EZG6037341;5SX7210;ANO
18635;VF7YDCNFC12T69468;6L06967;ANO
18636;VF1MA000862749011;5L86786;ANO
18637;VF6VG000659352612;4SA4221;ANO
18639;VF1MA000X65854485;8AL8986;ANO
18640;WMA08VUZ0N9014310;5ST9790;ANO
18641;WMA08VUZ8P9013330;5SZ0379;ANO
18642;ZCFC70A320D512496;6E51836;ANO
18643;W1V9076351P246488;7E14493;ANO
18644;VF1MAFCSC55152105;1BK2973;ANO
18645;WV1ZZZSYZK9032697;4SL1881;ANO
18646;WDB9066331S670177;8B36661;ANO
18647;VF1VBU4Z254541171;3SX4606;ANO
18648;W1V9071351N075601;4SX5204;ANO
18649;WMA03VUY1K9002944;7AE4840;ANO
18650;VF1MA000361613102;9AL6942;ANO
18652;VF3YB2MFB12H42226;6SC0517;ANO
18653;VF7YC2MFC12G66560;7AA1880;ANO
18654;WDB9056131R270493;3P02373;ANO
18655;VF3YCUMFB12804275;8AT6631;ANO
18656;WDF44770513162448;8C04430;ANO
18657;VF3YCTMFB12978009;8AT6600;ANO
18659;WV1ZZZ2KZFX070329;4AL7943;ANO
18660;WDF44770513195988;5AR4778;ANO
18661;WV1ZZZ2FZ97002986;6T13882;ANO
18662;ZCFC150A405076168;5AE0395;ANO
18663;WDB9061551N304522;1US7768;ANO
18664;WDB9061551N304699;3U77410;ANO
18666;VF7VFAHHWHZ090073;9C49845;ANO
18667;ZCFC3571605950228;3AK2423;ANO
18668;ZCFC65D0005797467;3Z93384;ANO
18669;ZCFC3594005849932;7AM2702;ANO
18670;WF0FXXTTFF7E37250;2SI9630;ANO
18671;VF7YC3MAU12J18417;4SF9462;ANO
18672;W1VVMFTZ9P4245009;3BB8077;ANO
18673;ZFA25000002E12783;4SC9235;ANO
18674;WV2ZZZ7HZGH018957;7H90245;ANO
18675;VF7YD3MFC12L81749;4SU8600;ANO
18676;VF1MA000762646579;2BH3267;ANO
18678;WMA08VUZ7M9008485;5SA0641;ANO
18679;ZCFC250B305174260;6J10188;ANO
18680;WV2ZZZ7HZ8H098931;1AEU538;ANO
18681;VF3YD2MFC12L27573;4SN0449;ANO
18683;ZCFC3571205828949;6J09225;ANO
18684;WF0XXXTTGXKC29168;5SK9262;ANO
18685;VF6MFF4DE46006492;4SI6658;ANO
18686;WBA21EY0609X07121;1AER006;ANO
18687;WMA08VUZ3P9017284;7J63693;ANO
18689;VF7YD3MAU12D71913;1TF1799;ANO
18690;WV1ZZZ2EZ96009032;7H62644;ANO
18691;KNESD03324K985241;1CA1376;ANO
18692;VF1VB000267363222;2TE1395;ANO
18693;VF6VG000359715979;1TZ3958;ANO
18694;VF3YA1MFA12E34797;4SB7268;ANO
18695;VF1MA000365256318;2BK2278;ANO
18696;ZCFC150D905154647;6SH0205;ANO
18697;W1N2476131W061624;8AL8824;ANO
18698;WDC2539151V198673;7AT3498;ANO
18699;W1N1671211A325120;8AV3822;ANO
18700;VF1FLB1B6DY468569;3AD0568;ANO
18701;VF1MAF4DF47823401;3AD0590;ANO
18702;ZCFC65A1005573951;8A48705;ANO
18703;ZCFC535C305484146;5SU6053;ANO
18704;WV2ZZZ2KZHX156866;6AI4108;ANO
18705;ZFA25000002266513;5SK8887;ANO
18706;ZFA25000001895975;4AL2806;ANO
18707;ZFA25000002A49344;6J68398;ANO
18708;VF7YD3MFC12L81831;4SU8338;ANO
18709;ZCFC635C305509429;5SY7402;ANO
18710;ZCFC635C305510533;5SY7403;ANO
18711;SZRBR2000L0013248;6E94837;ANO
18712;WF0XXXTTGXJL89639;9AU6915;ANO
18713;VF7YD3MAU12J91623;3SD1147;ANO
18714;VF1VB000263162167;6E19561;ANO
18715;ZFA25000002184746;;ANO
18716;VF1MA000064615470;2BI4158;ANO
18717;WDB9061531N698869;6P98416;ANO
18718;VF1VA000268970959;2BY1132;ANO
18719;ZCFC650D005378178;9AY9467;ANO
18720;ZCFA1ED0302525855;5SR5681;ANO
18721;ZCFCA50B705441404;5SR7468;ANO
18722;VF7VFEHZ8KZ072683;;ANO
18723;ZFA25000002K99575;4SY8258;ANO
18724;ZCFC35A8005645462;5AT2624;ANO
18725;ZCFC35D0005635325;7B07861;ANO
18726;VF6VG000465338877;6Z75876;ANO
18727;WDB906635GP208048;2BT8225;ANO
18728;TL9AM15Y000HA1015;4A5511;ANO
18729;ZCFC835B005403957;;ANO
18730;ZCFC835B005370247;;ANO
18731;ZCFC835B905403956;;ANO
18732;ZCFC835B805428105;;ANO
18733;WF0XXXTTGXHA28457;5SK9261;ANO
18734;WDB9061351N710944;8AJ8412;ANO
18735;W1V9071351N221137;2BZ5632;ANO
18736;W0VVSL609KB164157;6Z40663;ANO
18737;WDF63981113712736;8C95414;ANO
18738;ZCFCC35A605125880;5Z87350;ANO
18739;W1V9077231P480030;9AI0514;ANO
18740;ZFA25000002A42199;1AHB556;ANO
18741;VF7YC3MFC12F88120;5L56343;ANO
18742;WV1ZZZSYZK9019823;7AH6471;ANO
18743;VF3YCBPDB12W00820;9AN4373;ANO
18744;VF3YCBPDB12V99008;9AL7393;ANO
18745;VF3YCBPDB12V99909;9AN4372;ANO
18746;VF3YCBPDB12W31824;9AT7408;ANO
18747;VF3YCBPDB12W01097;9AM2730;ANO
18748;VF3YCBPGC12W67103;9AT7403;ANO
18749;VF3YCBPGC12W55402;9AS5058;ANO
18750;VF3YCBPGC12W36560;9AR0567;ANO
18751;VF3YCBPDB12W00952;9AL4209;ANO
18752;VF3YCBPDB12V98914;9AN4374;ANO
18753;VF3YCBPGC12W01391;9AM2976;ANO
18754;VF3YCBPDB12W31669;9AR3597;ANO
18755;VF3YCBPGC12W41389;9AR0568;ANO
18756;VF1VB000963234935;4SY3903;ANO
18757;VF1VB000X63243563;4SY3902;ANO
18758;VF1VB000761409811;7M37464;ANO
18759;VF1VB000763235288;4SY3897;ANO
18760;VF1VB000263235019;4SY3899;ANO
18766;VXEYDCPAU12U69562;9C69751;ANO
18767;VXEYDCPAU12U68986;9C69752;ANO
18768;W0VVS4600MB264169;9C17646;ANO
18769;WV3ZZZSZZJ9048744;7AN2930;ANO
18770;WF0NXXTTFN6G51682;6U41895;ANO
18771;WDF63981313500965;1AD2942;ANO
18772;WDB9061351N762466;3SC9416;ANO
18773;ZCFC135D005247991;7AJ7694;ANO
18774;WV3ZZZ70Z3H137541;1UM1110;ANO
18775;WV3ZZZ7JZDX005927;8U41000;ANO
18776;ZCFC650D305420620;5SD0774;ANO
18777;ZCFC3571605910818;4AM6309;ANO
18778;W1NFF8KE3RB102967;LYC0NET8;ANO
18779;ZFA25000002M05293;8AY5791;ANO
18780;W0VVSL601KB182071;1UD3200;ANO
18781;ZCFCL35A605452229;5SV7261;ANO
18782;W0VMR860XMB272620;9AC7408;ANO
18783;ZCFCL35A405452231;5SR7122;ANO
18784;ZCFC650D505359254;4SZ8702;ANO
18785;ZCFC135D4H5159375;6SH2062;ANO
18786;VF1MAFESC54231817;5AE4211;ANO
18787;VF1MA000265098702;2BK2280;ANO
18788;ZCFC50A3205822261;1ST5083;ANO
18789;VF3YD3MAU12G19694;6AT1655;ANO
18791;ZFA25000002H58835;4SJ3388;ANO
18792;ZFA25000002E28633;4SC7337;ANO
18793;ZCFC535D005334259;6J47500;ANO
18794;VF1VB000X57315871;5SP3284;ANO
18795;VF1VB000159832318;8C17957;ANO
18796;WDB9061551N528442;2SK3476;ANO
18797;ZFA25000002M58854;5SB2620;ANO
18798;WF0XXXTTFX7C67860;4AF9204;ANO
18799;WDB9044231P960535;5S10511;ANO
18800;KMHLC81UADU076456;5L70092;ANO
18801;ZCFC35C300D523827;6P11785;ANO
18802;VF1MB14S252358095;5Z46805;ANO
18803;WF0XXXTTGXJU52586;6Z79021;ANO
18804;VF3GBKFWC96236883;7A06051;ANO
18805;WF0XXXTTFXDG46693;5AS0951;ANO
18806;ZCFC70C0005858141;2TK0411;ANO
18807;ZCFC150D105199887;8C07685;ANO
18808;VF1RJL009UC366791;5SV5888;ANO
18809;ZFA25000002L78612;2BH9593;ANO
18810;ZCFCB35B805633991;6SR1511;ANO
18811;ZCFCB35B105629992;6SR1527;ANO
18812;WV3ZZZSZ5P9059643;1AMR100;ANO
18813;WV3ZZZSZ2P9060894;;ANO
18814;WV3ZZZSZZN9012440;5ST3744;ANO
18815;WV3ZZZSZZN9012479;5ST3745;ANO
18816;WV3ZZZSZZN9012454;5ST3746;ANO
18817;ZFA25000002R48092;;ANO
18818;ZCFCB35BX05633992;6SR1518;ANO
18819;ZCFC70C1005947615;4L40037;ANO
18820;ZCFC70C1005973887;5L37153;ANO
18821;ZCFCB35B805633618;6SR1537;ANO
18822;ZCFC35D3005892892;4SK0787;ANO
18824;A499;06LT00;NE
18825;WV3ZZZSZ8P9059636;1AMR078;ANO
18826;WV3ZZZSZ2P9063049;1AMR104;ANO
18827;ZCFC650D305359706;8P07785;ANO
18828;ZCFC2990005590603;1K95983;ANO
18829;ZCFC3592005909781;1BJ9428;ANO
18830;ZCFC135B805181821;8P10248;ANO
18832;WF0DXXTTGDGC68764;5AS0200;ANO
18833;WDB9101331N048061;8AF3524;ANO
18834;W1N1671211A280606;8P38702;ANO
18835;WF0SXXWPGSFU15650;5AN8786;ANO
18837;ZCFCB35B605615537;;ANO
18838;ZCFCB35B005615887;;ANO
18839;ZCFCB35BX05614942;1AIK277;ANO
18840;WF02XXTTG2JY05975;7AI0798;ANO
18841;ZCFC150D005291802;9C85905;ANO
18842;WMA08VUZ8N9014331;7J05175;ANO
18843;VXEYDCPFC12U88242;9AK9375;ANO
18844;ZCFCE35BX05536816;6SI9395;ANO
18845;ZCFCE35BX05536413;1ADJ110;ANO
18846;VXEYDCPAU12V84952;5SZ0374;ANO
18847;W0VVS2602MB272889;5SX7267;ANO
18848;VXEYDCPAU12V84862;5SZ7058;ANO
18850;VF6MF000369078656;6SF2612;ANO
18851;ZCFC735B605395768;4SE8714;ANO
18852;VF3YDCNFC12S71107;8AS9457;ANO
18853;VF3YDBPFCNG002897;9AH6621;ANO
18854;VF3YD3MDC12J43378;7AL2931;ANO
18855;VF3YC3MGC12F26149;7AL2696;ANO
18856;VF3VABHXHJZ034879;6AX7237;ANO
18857;ZFA25000002P60707;8AN9515;ANO
18858;VF1UDC1K643375353;4J17855;ANO
18859;ZFA25000001588472;4J03292;ANO
18860;ZCFC535D405420352;6Z90875;ANO
18862;ZCFC535D805417664;8AV9991;ANO
18863;TMBAG7NX8MY172380;8AT2057;ANO
18864;WDB9056131R872071;4U16969;ANO
18865;WMA08VUZ5P9017318;7J63695;ANO
18867;WMA08VUZ5P9017254;7J63722;ANO
18868;WMA08VUZ3P9017463;7J63588;ANO
18869;WMA08VUZ1P9012181;5SZ0382;ANO
18870;WMA08VUZ0P9017839;7J63703;ANO
18871;WMA08VUZ5P9012622;6SB5441;ANO
18872;ZCFC250C405139736;7C85982;ANO
18873;WMA08VUZXP9006069;5SZ0125;ANO
18874;WMA08VUZ9P9017273;7J63706;ANO
18875;R1JJE27A3MJ007579;EL06CE;ANO
18876;VF1MB000365828825;1TV0864;ANO
18878;VF1MA000465098703;2BK2281;ANO
18880;WMA08VUZ9M9015356;1TZ2430;ANO
18881;ZCFC150D105185732;9P29136;ANO
18883;ZCFCG35AX0D662701;;ANO
18884;ZCFCG35A20D662580;;ANO
18885;ZCFCG35A00D662576;;ANO
18886;ZCFCG35A60D662372;;ANO
18887;WBS4Y91010FJ62934;8AH7053;ANO
18888;WF01XXTTG1LS21783;9AC5544;ANO
18891;VF3YD3MFC12L43007;4SN0450;ANO
18892;ZCFC359300D432228;8U17387;ANO
18893;ZCFC535D705418305;8AV9990;ANO
18895;ZCFC535DX05418623;8AX0016;ANO
18896;ZCFC535DX05417293;8AX0017;ANO
18897;WDB9076371P061517;;ANO
18898;WDB9061351N429679;2SL2605;ANO
18900;WMA08VUZ9N9011728;5SP2473;ANO
18901;XLRTEH4300G375372;9AF1916;ANO
18902;WJMM62AU00C467282;5SX2687;ANO
18903;ZCFC170D205229460;6J06834;ANO
18904;WF0HXXTTGHGK87591;1CA7270;ANO
18908;WDB9066371P308156;4SZ0619;ANO
18909;ZCFC235AX05083264;6SN8566;ANO
18910;VF1MAFARA52206553;1BD9127;ANO
18911;VF1VB000561409824;4SJ0722;ANO
18912;WDF63970513088655;3AM9786;ANO
18913;VF1VB000263235487;4SY4167;ANO
18914;ZCFC359200D517083;9AS6469;ANO
18918;W1VTUACZ1PU350461;;ANO
18920;VF7YAAPFB12V97113;;ANO
18921;ZCFC135C605058849;5SI9696;ANO
18922;WDB9071551N068343;2BF8319;ANO
18926;WV2ZZZ7HZJH126693;9U93079;ANO
18927;KNESE06326K172600;9U85546;ANO
18928;KNESE06325K069569;9U83843;ANO
18929;VF1MAFAAA46120565;8B17485;ANO
18930;UU1K6720662775685;9AP5474;ANO
18931;UU18SDPL556194893;3SF2586;ANO
18932;UU1K6720765219982;9AB8167;ANO
18933;UU18SD6V560555113;9AI1318;ANO
18934;VF1MA000262767004;9AR3121;ANO
18935;VF1MA000X59082271;9AP2858;ANO
18936;VF1MA000162767141;9AR3115;ANO
18937;VF1MAF4DF47742082;9AL4922;ANO
18938;VF1MA000660931043;9AR3138;ANO
18939;ZCFC135D4K5254123;8P22910;ANO
18941;W1NFB2DB3PA879146;7Z47893;ANO
18942;W0LJ7BHB68V663305;8S43133;ANO
18944;ZCFC535D705305745;7AY8510;ANO
18945;WDF63981313661614;4AZ2940;ANO
18946;ZFA25000002C76178;;ANO
18947;VF3YD3MAU12H33076;9P04265;ANO
18948;ZFA25000002J95632;6J86203;ANO
18949;ZCFC65D0005651080;;ANO
18950;ZCFC65C0005566716;3B60721;ANO
18951;WV1ZZZ2FZF7004239;9U86436;ANO
18952;YARVFEHZ8GZ174603;5SD9274;ANO
18953;VF1VB000761409839;4SJ0721;ANO
18955;WDB9067351P392406;6AC3240;ANO
18956;ZCFC535C905612566;6SL4282;ANO
18957;WF0XXXTTGXEA33470;8AT3237;ANO
18958;W1V44781313782821;8AI0844;ANO
18959;ZCFC650D205388517;8P38253;ANO
18960;ZFAFFL007J5087384;;ANO
18961;ZCFC335C705079350;3SM5445;ANO
18962;ZCFCE35B90D722689;;ANO
18963;ZCFCE35B10D715526;;ANO
18964;ZCFCE35B40D723975;;ANO
18965;ZCFCA35B30D687403;;ANO
18966;ZCFCE70CX05658485;;ANO
18967;ZCFC4081005564295;;ANO
18968;VF6VG000366186729;;ANO
18969;WDB9061311N382299;1AB4282;ANO
18970;WDB9061311N411858;1AA5822;ANO
18971;WDB9061311N384104;1AB6321;ANO
18972;WDB9061311N414582;1AB2863;ANO
18973;WDB9061311N383900;1AB6330;ANO
18974;WDB9036111R917534;1AV8446;ANO
18975;VF7YCPMFC12357763;2ST2220;ANO
18976;VF1MA000267596838;9C16113;ANO
18977;VF1MA000X68822537;9C43919;ANO
18978;YARVEEHZ7GZ245754;2BY8614;ANO
18979;WV1ZZZ2FZD7003740;3AH5200;ANO
18980;ZCFCE35A105222110;6AV8736;ANO
18981;ZCFC135D105232917;7AE8373;ANO
18982;ZCFCC35A005257503;5SR6536;ANO
18983;ZCFC935B305359272;9AM0649;ANO
18984;ZFA27000064340060;6AX0288;ANO
18985;WF0XXXTTFX8B78535;5B56512;ANO
18986;ZCFC135BX05230775;8P38869;ANO
18987;ZFA25000002R27427;2TA4556;ANO
18988;ZFA25000002927809;1AFJ851;ANO
18989;VF1FDC1L640167211;5H18355;ANO
18990;TKXD32226FABB7777;3SR4729;ANO
18991;ZFA25000002C96361;7C93298;ANO
18992;ZCFC235990D571682;5K38392;ANO
18993;ZCFCL35A205452230;6SR3897;ANO
18994;VF6MF000966130583;4ST3258;ANO
18995;ZCFCA50B505365486;;ANO
18996;VF1MAA2RA54822826;6P67423;ANO
18997;WDB9066351S126157;3AA7356;ANO
18998;ZCFC135D105260510;;ANO
18999;WDB9066111S135867;8P32292;ANO
19000;VF1MA000466015832;5SE9853;ANO
19001;VF1MA000966036207;5SE9757;ANO
19002;VF1UDAVD533216218;;ANO
19003;VF7YABMFA11737031;1AKH281;ANO
19004;ZCFC635F805461274;;ANO
19005;VF1MAF4SE54630852;1BH9214;ANO
19006;WDB9720321L514996;5P83378;ANO
19007;ZCFCE35B805538578;6SF4036;ANO
19008;WDB9061351N761044;5J96313;ANO
19010;TMBAG8NX9SM022935;1AIT326;ANO
19011;TMBAG8NX5SM023709;1AIM867;ANO
19018;VF1MA000865515272;8C76378;ANO
19019;ZFA25000002473722;2SN9808;ANO
19020;ZAPS90CJW00000153;6L45301;ANO
19021;W1V3KCFZ1RP653903;1ACR917;ANO
19022;VF1FL000559336858;6AN4867;ANO
19023;VF14FL00256060817;7C62695;ANO
19024;ZCFC650D505400398;5L92865;ANO
19025;WMA18VUZ5J9008131;5SY1236;ANO
19026;ZCFC650D805424579;2TB1546;ANO
19027;ZCFC635D905468071;9P08287;ANO
19028;W1V9071551N172609;2TB7497;ANO
19030;W1V3MCFZ8RP646666;1AAU037;ANO
19031;YARVBYHVKGZ156501;7AT9300;ANO
19033;W1K1183841N092119;7P67223;ANO
19034;ZCFC35A3805888274;7B34447;ANO
19035;ZCFC35C3005946826;1BK5659;ANO
19036;W1V44760513936462;9AA3425;ANO
19037;W1V3KCFZXRP653186;1ACZ839;ANO
19038;W1V9076351P489896;9AK6194;ANO
19039;ZFA25000002U68635;7H88366;ANO
19040;ZFA25000002J97679;1AKS337;ANO
19041;ZFA25000002P43989;;ANO
19042;ZFA25000002P43300;;ANO
19043;W1V3MCFZ0PP567182;9AV1100;ANO
19044;W1V3MCFZ6RP624505;1AAA394;ANO
19045;ZCFC535DX05315508;7H51728;ANO
19046;VF77DBHY6JJ701622;4SF0674;ANO
19048;ZFA25000002X02939;1AKE101;ANO
19049;WF0FXXTTFFDP43577;1TL8559;ANO
19050;WF0FXXTTFFAG17348;1TL8104;ANO
19051;WV1ZZZ2EZC6003720;2SE6222;ANO
19052;ZCFC135D105173061;1TN4076;ANO
19053;W1V9076551P505665;9AM1847;ANO
19054;W1K1183861N322402;EL061BH;ANO
19055;ZCFC150D705239227;9P85942;ANO
19056;ZCFC465A705230894;6E12360;ANO
19057;WDB9076351P022450;1UR3800;ANO
19058;WF0FXXBDFF8S36390;2SB1604;ANO
19060;ZCFC535D605336176;5SX2645;ANO
19061;VF1MA000X65689649;2BK2296;ANO
19062;VF1MA000X66848261;5SE9808;ANO
19063;WF0KXXTTGKJA70710;4SK3896;ANO
19065;VF1VB000368693767;6J94372;ANO
19067;ZCFCL35A805451731;5SR7352;ANO
19068;ZCFC170D005280780;1AJA512;ANO
19069;VF7YD3MAU12G97174;7AC0947;ANO
19070;TMBJR7NU0K2060169;1AII248;ANO
19071;ZCFC150D405228556;9P78076;ANO
19073;KMHSU81XDEU328272;4L99749;ANO
19075;ZCFC50C0005829205;4E66960;ANO
19076;ZCFC150C105045672;1AIX181;ANO
19077;ZCFC150C905040753;;ANO
19078;VF1FDCUL635108470;7C59011;ANO
19079;W1K2231331A004843;8AL7012;ANO
19080;ZCFC465A405169696;6E56466;ANO
19081;WV1ZZZ2FZ97001232;3J55302;ANO
19082;WV1ZZZ2FZF7006343;7J54833;ANO
19083;WV1ZZZ2FZ77011777;2J62086;ANO
19084;TNAA2L0005A003735;1J76964;ANO
19085;WV1ZZZ2FZF7002413;5J58725;ANO
19086;WV1ZZZ2FZF7001393;5J36883;ANO
19087;WV1ZZZ2FZB7005551;4J31095;ANO
19088;WV1ZZZ2FZD7005770;5J82185;ANO
19089;WV1ZZZ2FZG7003131;5J59106;ANO
19090;WV1ZZZ2FZE7005405;6J45413;ANO
19091;WV1ZZZ2FZF7007857;5J54649;ANO
19092;WV3ZZZSZZJ9001383;1AMM990;ANO
19093;WV1ZZZ2FZF7002181;5J37523;ANO
19094;WV1ZZZ2FZG7013325;5J83256;ANO
19095;WV1ZZZ2FZF7002373;5J37524;ANO
19096;WV1ZZZ2FZ87002786;3J19038;ANO
19097;WV1ZZZ2FZF7001721;5J36884;ANO
19099;WV3ZZZSZZJ9023566;6J02973;ANO
19102;WDB9066331S649202;2ST0095;ANO
19104;ZCFC35A710D536310;6AJ0592;ANO
19105;VF6VGU4D249636856;4SD7786;ANO
19106;VF1VBU6F449114253;2SK2365;ANO
19107;WDF63960313759548;2AZ7195;ANO
19109;ZCFC335C405016917;2BS1144;ANO
19110;ZCFC335C705017155;2BS1145;ANO
19111;ZCFC335C305080981;1BR0124;ANO
19112;ZCFC135A605997319;1BV5149;ANO
19113;VF7YA1MFB12E26781;1AKD898;ANO
19115;W1V3MBTZ3PP538239;9AN7470;ANO
19116;W1V5M2FZ6RN290927;1ADB699;ANO
19117;WF01XXTTG1ES81333;4K92934;ANO
19118;VF7YCTMFC12991389;8U72403;ANO
19120;WDB9066351S525412;4H75880;ANO
19121;ZFA25000001553870;5AC3722;ANO
19122;WDB9066351S560281;4H75882;ANO
19123;WDB9066351S608491;8H25924;ANO
19124;VF1MAF4DE48878082;5M25607;ANO
19126;W1KZH8KB7PB115812;1ABI321;ANO
19127;ZFAFJL006L5128623;;ANO
19128;ZFA25000002R38049;6J70210;ANO
19129;VXEVBYHRMPZ036822;;ANO
19130;VXFVBYHRMP7832322;;ANO
19131;VXFVBYHRMP7812374;;ANO
19132;W0VMR0609MB270262;;ANO
19133;ZCFC270C805124698;6J36029;ANO
19134;ZCFC135B705228689;4SV2875;ANO
19135;WDB9061331N552006;1SL1787;ANO
19136;VSKHBAM20U0171491;9U45403;ANO
19138;WDF44770513399234;6J65038;ANO
19139;ZCFC170D705294210;5SX5373;ANO
19140;W0VMR3603MB272655;9AB7789;ANO
19141;W1K5J1CB6RN453311;9P46590;ANO
19142;ZCFC250B205213839;4SA5137;ANO
19143;Z3B3302738R004599;7J06966;ANO
19145;WDB9066371P506859;6AF6040;ANO
19146;WV1ZZZ2KZKX126102;8C61655;ANO
19147;W0VVSL604JB141481;8AA0956;ANO
19151;ZFA25000002L26981;1AFU657;ANO
19152;WV1ZZZ7HZJH195688;6SI9253;ANO
19153;ZCFC50A4005929040;3AC9807;ANO
19155;WBAGV810X0CF90221;1AHR685;ANO
19157;VF7YCBMFC11789259;4H80088;ANO
19160;ZCFC65A1005626672;6A73589;ANO
19161;ZFA25000002F00404;4SF5841;ANO
19162;ZFA25000002261133;5E72206;ANO
19163;ZCFC35D0005777438;1UH7326;ANO
19164;WDB9066311S885075;;ANO
19165;VF6VG76F449533294;;ANO
19166;TMBJE7NE8G0126698;5AB4127;ANO
19167;WF0XXXTTFXBJ29401;2AM1784;ANO
19168;ZCFC135DX05153276;6AC8774;ANO
19171;WDB9061311N513299;3SN3820;ANO
19172;ZCFC735B105336501;8AC8775;ANO
19173;ZCFC135D505261272;7AP5116;ANO
19175;ZCFC650DX05332342;5SY7246;ANO
19176;WDB9066371P150725;4AT1216;ANO
19177;VF1MA000X68975063;6L51405;ANO
19179;ZCFCG35A305425266;6SK0248;ANO
19180;WV1ZZZSY4P9064168;1ACF172;ANO
19181;VF7YDCNFC12U15922;5SV3426;ANO
19182;VF3YDBNFC12T56127;2BR1083;ANO
19183;W0LMS56V4EB050697;5L02704;ANO
19184;VF3YDCNAU12P21563;6L05792;ANO
19185;W1N1679231A465670;8AU2075;ANO
19186;ZCFCG35A205398917;2TP9155;ANO
19187;ZFA26300008002185;1AX1781;ANO
19189;ZFA25000002G89718;7AF7385;ANO
19190;ZCFC150B605149551;;ANO
19191;ZCFC150B805149552;;ANO
19192;VF1MB14Z254780904;9C91796;ANO
19194;VF3XU9HM0DZ054477;3AV3526;ANO
19195;TMBJY46Y833788868;2A42993;ANO
19198;ZCFC465A505289524;6E12980;ANO
19199;TNAA2L0001A000816;2SM0424;ANO
19201;W1NFF2DE3PA860188;2TH8399;ANO
19203;VF7YCTMFB12898375;7C08079;ANO
19204;ZFA25000002305875;3AD1946;ANO
19205;ZCFC150C605059213;7M94238;ANO
19206;W1V9077211P202546;2BI1632;ANO
19207;WV2ZZZ7HZKH051790;4ST9868;ANO
19209;VF3YDUMFC12993921;5AF0650;ANO
19211;VF7YBSMFA12945173;4AZ8666;ANO
19212;VF1VB000X70008681;7Z44962;ANO
19213;WF0XXXTTGXGC61687;5SR1619;ANO
19214;VF1VBU6E346083398;1UK9705;ANO
19215;KNESE01325K092375;5A30642;ANO
19216;VF7YD3MAU12L18129;1AKS308;ANO
19217;WF0AXXTTRAMG29588;;ANO
19218;WDC1668241A682756;6AE9516;ANO
19219;ZFA25000002B60714;3SZ3191;ANO
19220;ZCFC35A710D501573;9AI0118;ANO
19221;VF1RDB00474108288;;ANO
19223;ZFA25000002160176;5C59644;ANO
19224;VF1VB000762297117;4SZ5392;ANO
19225;VF1UDCVK535661034;4J29962;ANO
19227;WV1ZZZ2KZCX066886;2AR1144;ANO
19228;VF1RDB00874108293;;ANO
19229;ZCFCM35AX05404522;6SK9521;ANO
19230;ZCFC150D505212530;8C07329;ANO
19231;WME4530421Y098121;7AJ5965;ANO
19233;VF3YD3MFC12G72702;7AE5194;ANO
19234;WDB9061351N448894;9S30203;ANO
19236;ZFA25000002H95999;6M74148;ANO
19237;W0VMR8601MB248545;5SP5405;ANO
19238;VF1RDB00274412297;;ANO
19239;ZCFCA35B40D672375;1ALR728;ANO
19240;ZCFCA35B40D677303;1AKK494;ANO
19241;VF3YCBMFC11968419;6T61614;ANO
19246;ZCFC535C7N5482519;5SR1553;ANO
19247;VF1VB000668968841;9AR5629;ANO
19248;VF1VB000067543458;6J92307;ANO
19249;ZFA25000002T51464;7H93781;ANO
19250;VF1MA000573006219;9P50261;ANO
19252;VF1VB000472973606;;ANO
19253;VF1VB000072973604;;ANO
19254;WF0DXXTTGDGY87238;8U69271;ANO
19255;WMA08VUZ5P9017710;5SZ0891;ANO
19256;ZCFC359300D491441;4AR6057;ANO
19257;ZCFC535A105107443;1AIJ940;ANO
19258;WTA74473MRW238007;9AM5808;ANO
19259;VF1MA000862158354;7AJ4475;ANO
19260;W0VMR1600KB176936;6J75563;ANO
19261;WDB9061331N533258;1SL0708;ANO
19262;W1N2476151W092166;8AR2427;ANO
19263;VF7YBBNFB12S10742;9C22945;ANO
19264;VF6VG000364966693;7H49257;ANO
19265;ZFA25000002J36903;1AMZ514;ANO
19266;ZCFC250D705166468;9B22127;ANO
19267;ZCFC50F0005957320;8B29296;ANO
19268;WV1ZZZ2DZ1H035224;1AX0661;ANO
19269;ZCFC3571205802383;5SJ6967;ANO
19270;WV1ZZZ2DZ5H004759;3AR4897;ANO
19271;ZCFC3571205802374;5SJ7063;ANO
19272;ZCFC3575005799965;5SU6635;ANO
19273;WV1ZZZ2DZ5H004671;4AR3756;ANO
19274;WV1ZZZ2DZ6H020410;6AP3853;ANO
19275;ZCFC3575005628829;4SR4011;ANO
19276;ZCFC3573005505176;7AL3777;ANO
19278;ZCFC3592005961964;5SU6579;ANO
19279;WV1ZZZ2DZ1H033963;6AP3852;ANO
19281;WTA74473MRW238008;;ANO
19283;ZFA25000002F59999;6J15526;ANO
19284;VXEYCBPHU12U75606;;ANO
19285;VXEYCBPHU12U74702;;ANO
19287;ZCFC50A2005718717;8S22619;ANO
19290;ZCFC135C90D559787;8P36678;ANO
19291;ZCFC465A505230893;5E91750;ANO
19293;UU1K6720264205526;7AZ0695;ANO
19294;VF3YDCPFC12U69787;9C50670;ANO
19295;WDB9061551N369490;4U11277;ANO
19296;WDB9061551N634808;9U39418;ANO
19297;ZCFC50A1005545893;3U10767;ANO
19298;VF6VG000768406586;6E63964;ANO
19299;7H81B24KXNF000141;EL13CD;ANO
19300;7H81B24K5NF000130;EL95CD;ANO
19301;7H81B24K6NF000136;EL96CD;ANO
19302;7H81B24K7NF000131;EL93CD;ANO
19303;7H81B24K0NF000133;EL94CD;ANO
19304;7H81B24KXNF000138;EL68CC;ANO
19306;7H81B24K3NF000143;EL12CD;ANO
19307;W0VMR8601MB254636;1UF0521;ANO
19309;WV1ZZZSYZM9042027;8AN7626;ANO
19310;ZCFC250A605011870;5J24913;ANO
19311;W1V9076371P413604;6L17583;ANO
19313;VF3YDBPFC12U58827;2BX6513;ANO
19314;W0VMR0603MB269706;1AKP579;ANO
19315;W0VMR0601MB269655;1AKP581;ANO
19316;W0VMR8608MB251734;;ANO
19317;ZCFC135B205210620;1ALK460;ANO
19318;VF1FL000270497305;;ANO
19319;ZFA26300006K41707;6AR3053;ANO
19320;R34VSA513P1000054;EL54CK;ANO
19321;R34VSA510P1000075;EL95AX;ANO
19322;ZCFCC35A205294665;1AKL683;ANO
19323;VF7YD2MAU12G97504;1ARF339;ANO
19324;WDB9071351N056239;TAB88888;ANO
19326;W1V9076371P490391;9AR4064;ANO
19327;ZCFC735B605403738;5SI9120;ANO
19328;ZFA25000002W81181;9P21901;ANO
19329;WV1ZZZSYZJ9009029;6AR8031;ANO
19330;VR3EFYHP2NJ845138;9AR1604;ANO
19331;R34VSA514P1000077;EL79AX;ANO
19334;VF7YAANFA12M18244;9P20172;ANO
19335;ZFA25000002C95267;;ANO
19336;ZCFC50A4005976705;5H85699;ANO
19337;WF0XXXTTFX7U02811;1AV9623;ANO
19339;WDB9066371S824350;2SI8374;ANO
19340;ZCFC735B205455853;6J98184;ANO
19342;WV1ZZZ2EZ96035930;1SD7384;ANO
19344;VF7YCBNDC12N93543;6Z81480;ANO
19346;VF1VB000969593926;8H23057;ANO
19347;WV1ZZZ2FZA7001258;6M47687;ANO
19349;VF7VBBHXHGZ062681;2TK1209;ANO
19364;ZFA25000002M81979;1ALB089;ANO
19365;VF1MA000262306398;9AL9490;ANO
19366;VF1MA000262766807;9AM1373;ANO
19367;VF1MAF4VE51032205;9AN9557;ANO
19368;VF1MA000157574585;9AP5546;ANO
19369;VF1MA000557496778;9AN9524;ANO
19372;WDB9066351P365402;5L40187;ANO
19373;WV1ZZZ2EZG6066498;6AB3932;ANO
19374;WDB9066351P611411;7J54623;ANO
19376;ZCFC150CX05119395;3SZ7469;ANO
19377;ZCFC335C805009193;;ANO
19378;ZCFC635D605386430;1AKV883;ANO
19379;ZFA25000001280152;6C69579;ANO
19381;WV1ZZZ2EZC6027675;5J19841;ANO
19382;ZCFC250B505239657;5SA8183;ANO
19383;ZCFC170D605229171;6J43547;ANO
19384;ZCFC150B105230800;6J06732;ANO
19385;WF02XXTTG2EU29011;5E03826;ANO
19386;ZFA25000002B62427;5E80978;ANO
19387;VF3YCUMFC12A01699;5AC3876;ANO
19390;TMBJJ6NJXHZ014159;5AR8428;ANO
19392;ZFA25000002E43689;7AS2052;ANO
19393;WDB9061311N413982;7H02346;ANO
19394;WDB9061311N385609;2BX4079;ANO
19395;ZFA25000002K61243;6Z40052;ANO
19396;ZCFC150B305176111;3SX9426;ANO
19397;ZCFC150B105176110;3SX9427;ANO
19398;ZCFC672C805594313;5SZ1388;ANO
19400;ZFA25000002T84749;6J85844;ANO
19401;VF1VBUSZ355888227;2TU1242;ANO
19402;ZCFCF35A105302603;7J66855;ANO
19403;W1KLF5FB4RA001456;EL547BS;ANO
19404;WDB9066351P300255;6AJ7434;ANO
19406;WF01XXTTG1NP05791;1AKY678;ANO
19407;VF1RDB00474412284;1ALU164;ANO
19408;TMBGG41U432707341;1AKE197;ANO
19409;VF1RDB00873778383;1ALD590;ANO
19410;VF1RDB00X73778384;1AKY704;ANO
19413;ZCFC465A205241429;6E12970;ANO
19414;ZCFC35C2005926144;5Z92179;ANO
19415;VF1MAFEZC54050584;1BT9605;ANO
19416;ZCFC135B205318803;5SV0451;ANO
19417;ZCFC650D005347805;1TV9800;ANO
19418;WF0XXXTTFXBM07987;7AT8661;ANO
19420;W0VVSL601JB161607;2BA4638;ANO
19421;ZCFC35A7105938015;3AM7289;ANO
19422;KMFAB17RPGK004441;5AV3815;ANO
19423;WV3ZZZ7JZ9X016800;3L51031;ANO
19424;ZFA25000002809162;2BP8623;ANO
19425;YB4A00S3390311967;;ANO
19426;ZFA25000002783618;1BS9070;ANO
19427;ZCFC635A10D571478;;ANO
19428;VF1VB000865298405;4SJ2451;ANO
19429;KMFAB17RPJK013749;6E58174;ANO
19431;KMFAB17RPJK015023;6E31872;ANO
19432;ZCFC635D505338966;2TP7584;ANO
19433;WF0XXXTTGXEM45989;4AK5622;ANO
19434;VF1MB14J246376247;3ST2824;ANO
19436;ZCFC135D1K5277875;6L77808;ANO
19437;ZFA25000002N48632;4SX4940;ANO
19438;VF3VFAHKKKZ080859;4SU8638;ANO
19439;VF1RDB00573780124;;ANO
19440;VF1RDB00773780125;;ANO
19441;W1NFB0KB4PA837849;9AP7066;ANO
19443;ZCFC735B905431453;9AD3056;ANO
19444;ZCFC535C905613670;;ANO
19446;WDB9066331P174026;6M04778;ANO
19447;WDB9062551N621709;8AA3317;ANO
19448;VF3YDUMFC12688497;1AMN846;ANO
19449;WF0FXXTTFFCR75551;6U87089;ANO
19450;ZCFCD35A405271109;4SE6342;ANO
19451;ZCFCD35A005184047;;ANO
19452;ZCFC635A705032213;8AJ3700;ANO
19453;VF3YCBNFC12N39394;8AJ7893;ANO
19454;ZCFC735B705395228;8AM3209;ANO
19455;VF1VB000067545243;6J92085;ANO
19456;7062;;NE
19457;ZCFC165A805989725;5E34285;ANO
19458;VF1FL000760657712;6AY8703;ANO
19459;VF1FL000961249531;7AC3092;ANO
19460;ZFA25000002B99345;5AT8508;ANO
19461;WF0DXXTTGDFJ58299;5AY9300;ANO
19462;WV3ZZZSZZL9018099;1ALR694;ANO
19463;ZCFC635C105500468;5SZ5218;ANO
19464;VF3VFAHKKK7018971;7AZ8385;ANO
19465;VF7YA1MFA12K43795;6J31610;ANO
19466;WDB9036121R927974;9T25737;ANO
19467;ZCFC35A7505977559;6P00816;ANO
19468;ZCFC35A7505977433;6P03253;ANO
19469;ZCFC35A7505977103;6P00846;ANO
19470;ZCFC35A7505977432;6P00847;ANO
19471;ZCFC35A7505977804;6P00845;ANO
19472;WDB9061531N341066;9T82356;ANO
19473;ZCFC35A7505977102;6P00855;ANO
19474;VF1MB000266222362;9C10069;ANO
19478;W0VVS2604MB272893;5ST1994;ANO
19481;ZFA25000002C39776;6AH1297;ANO
19482;VF1MA000070173931;7Z35191;ANO
19483;WV1ZZZ2EZE6031865;4AH6893;ANO
19484;VF6VG000471803506;1ALF453;ANO
19485;VF6VG000371041723;1ALI649;ANO
19487;ZCFCN65A805344383;6E51690;ANO
19488;ZCFC150D005142869;3SH6353;ANO
19489;WF0XXXTTGXEG43085;6P43595;ANO
19491;ZCFC150B30D577924;;ANO
19492;WDB9071351N043996;4H26944;ANO
19493;TMBLJ7NP2J7599257;7Z34949;ANO
19494;WV1ZZZ2FZD7003849;7Z72389;ANO
19495;WF0XXXTTFX7K78658;3E96495;ANO
19496;ZFA25000001612169;9S31344;ANO
19497;ZFA25000002P67184;;ANO
19498;VF1VB000469157159;5SZ5374;ANO
19499;ZFA25000002941328;3SP7418;ANO
19500;VF1VB000868693697;5ST3313;ANO
19501;VF1VB000768968461;5ST3972;ANO
19502;VF1VB000968693689;5ST2363;ANO
19504;VF1UDC1G641697504;3AV9657;ANO
19505;ZCFC65D0005759515;3BH3172;ANO
19506;VF7YCTMFC12751126;6SK9965;ANO
19508;WDB9061551N580212;;ANO
19509;WDB9061551N580215;;ANO
19510;WDB9061551N580116;;ANO
19511;ZFA25000002P04673;2BM4545;ANO
19512;WDB9067131S743998;2SJ5512;ANO
19513;ZCFCC35A6H5151486;1CF1374;ANO
19514;VF7YDCPFC12W62047;7J16459;ANO
19515;WV2ZZZ7HZHH151363;8U96849;ANO
19516;WV1ZZZSYZH9007295;8U96726;ANO
19517;WDF63970513857028;9C68368;ANO
19518;VXEYCBPAU12X07214;;ANO
19519;WV1ZZZ2EZG6059462;5AY6948;ANO
19520;WF0XXXTTFXAG23241;3AV8381;ANO
19525;WF01XXTTG1NP05789;;ANO
19526;WDB9061531N446139;7J28413;ANO
19528;WDB4632601X312952;;ANO
19529;ZCFC650D905385579;5SF9100;ANO
19530;ZFA25000002F60801;1ACK163;ANO
19535;VF1HDC2K637306813;2K21630;ANO
19536;ZFA25000002514368;7U72540;ANO
19537;WF0FXXTTFFBK46592;6U63410;ANO
19538;WF0FXXTTFFBU58966;6U76562;ANO
19539;WF0FXXTTFFBU60096;6U76604;ANO
19540;WDB9061551N634807;8U10069;ANO
19541;WDB9061551N674421;8U65271;ANO
19542;WDB9061551N708642;9U28409;ANO
19543;WVGZZZC1ZPY013416;;ANO
19544;VF1FW52H256721404;5J83528;ANO
19545;VF1VB000162901275;1AFI155;ANO
19546;VF1VB000867549590;8P86078;ANO
19549;ZFA25000002H73837;6Z39926;ANO
19550;ZCFC735B105378442;2BN4772;ANO
19551;ZCFC535DX05417987;8AX0015;ANO
19552;VF1MA000X65689652;2BK2295;ANO
19553;ZCFC135D7J5223706;8P98206;ANO
19554;VF1MB16Z253976728;5Z59821;ANO
19555;ZCFC250D805269138;4SN2914;ANO
19556;WF01XXTTG1NP05780;;ANO
19557;WF01XXTTG1NP05778;;ANO
19558;WDD2120021B085595;6C78557;ANO
19559;WDF63960313905493;3SH1247;ANO
19560;WVGZZZC1ZPY024465;;ANO
19562;WDB9066571S682491;3AE0438;ANO
19563;ZCFC359300D473833;7AV8978;ANO
19565;VF7XS9HUCAZ000872;4E05973;ANO
19566;ZFA25000002U60363;5ST0166;ANO
19567;WDB9044121P750004;7SB9342;ANO
19568;VF3VBBHVBJZ077773;9U80999;ANO
19569;VF3VBBHVBHZ017063;9U01116;ANO
19572;WDB9061551N483553;;ANO
19573;ZCFCG35A70D662705;;ANO
19574;VF1MA000X71187989;;ANO
19575;WF0DXXTTGDGY87226;8U69329;ANO
19576;ZCFCG35A20D662370;;ANO
19577;VF7YD2MHU12J97586;;ANO
19579;ZCFC1359805003419;7H24316;ANO
19581;WV1ZZZ2EZC6004468;1UP5302;ANO
19582;VF3YCTMAU12825393;2TX0161;ANO
19583;ZCFC170C805122694;5SK4016;ANO
19584;ZCFCG35A905421223;;ANO
19585;ZCFCN65A505374859;6E56430;ANO
19586;VXEYDCPFC12U88011;9AH2191;ANO
19587;ZCFC535D305448188;5SR7682;ANO
19588;VF640J860KB009636;4SP3978;ANO
19589;ZCFD55C8005843559;;ANO
19590;ZCFCG35AX0D662570;;ANO
19591;W1N1679861A419835;1ANB198;ANO
19592;VF1VB000067725788;8P98627;ANO
19593;VF7YA1MFA12L05250;6J35578;ANO
19594;WF0AXXBDFA5D81795;1AB0758;ANO
19595;W0VVS2603MB264865;9AC3922;ANO
19596;ZCFCA35B30D694383;9AU7803;ANO
19597;WBAJV61000BL15793;6SR6067;ANO
19598;WDB9046131R700138;3K51344;ANO
19599;WDB9046131R254735;3AP3615;ANO
19600;VF3YDUMFC12C05783;5AR5086;ANO
19602;VF7YCTMGC12B69103;8AN8813;ANO
19603;VF3YDCNGC12M20049;8H81932;ANO
19604;WDB9061551N620103;;ANO
19605;VF3YD3MAU12F57360;1TI6340;ANO
19606;WMA16VUZ1N9005206;8P75636;ANO
19607;ZFA25000002L80512;8AE2621;ANO
19608;WF0EXXTTRENT89570;9AL4555;ANO
19609;VF3YB1MFB12H70619;7AB9941;ANO
19610;WF0XXXTTFXDJ54693;3AM7295;ANO
19611;ZCFC535D305412811;4SX2345;ANO
19612;VF1VB000467581095;8P99635;ANO
19613;WV1ZZZ2EZE6003699;;ANO
19614;WF0XXXTTGXHB75329;1APD730;ANO
19616;ZFA25000002G29064;6Z27684;ANO
19617;VF1MA000665689650;2BK2298;ANO
19618;ZCFC150D505247231;4SD7640;ANO
19620;ZFA25000002H26908;3BI2189;ANO
19621;WF0XXXTTFXDA27684;3AY8150;ANO
19622;VF1VB000967583893;9P08056;ANO
19623;ZFA25000002S78392;;ANO
19625;TKXD56235NBBA2886;;ANO
19626;TK99BC216X1KP9002;3A67601;ANO
19627;ZFA25000002H12867;7AD3895;ANO
19628;VF1RDB00375199967;;ANO
19629;WF0YXXTTGYGA14731;5AU7812;ANO
19632;VF1VB000665828757;9AR0912;ANO
19633;ZCFC735B305441329;8AY0347;ANO
19634;ZCFC1358605179926;1ADD728;ANO
19636;VF1VB000067359654;8P98710;ANO
19637;WAUZZZ4M3GD028647;3ST2288;ANO
19638;VF3YD3MAU12K28458;;ANO
19639;WDB9076351P018417;3SD0448;ANO
19640;VF3YD3MFC12J00801;1BZ4622;ANO
19641;VF3YDTMFC12980137;5AB5417;ANO
19642;ZCFC650D305411688;8P56743;ANO
19644;WV3ZZZSZ1S9075623;;ANO
19645;WV3ZZZSZ0S9072857;;ANO
19646;W1V9071551N119140;7M12835;ANO
19648;W1V9071551N119523;7M12871;ANO
19649;WV1ZZZSYZK9024638;1TN6630;ANO
19650;WAUZZZF10RD008507;EL392DJ;ANO
19651;ZCFC3571605956884;3AN8311;ANO
19652;VF6VG000X56476884;7AU1423;ANO
19653;ZCFC3571605911328;2AX6991;ANO
19654;VF6VG000063569593;6J66325;ANO
19655;VF1VB000256763706;6Z60472;ANO
19656;VF6VG000458841273;6J21356;ANO
19657;VF3YDUMAU12893174;7Z32957;ANO
19658;VF1MA000161792594;2BC3793;ANO
19659;W1V9071551N175794;7M13834;ANO
19660;VF1VB000260482817;7AD1607;ANO
19663;VF3YC3MDC12J59148;6M67980;ANO
19664;VF3YC3MFC12L93692;6M95528;ANO
19665;VF3YCCNDC12R43186;7M24146;ANO
19667;VSA63134313171362;ABA2971;ANO
19668;WDF4702521G039342;7AZ1282;ANO
19669;TMBJH7NP1N7043904;;ANO
19670;ZCFC150D105214467;1TD5778;ANO
19671;ZCFC150CX05095759;9T99689;ANO
19674;ZCFC535C505592638;6SC3928;ANO
19675;ZCFC135C105003175;;ANO
19676;W1V9076371P413589;5SH9575;ANO
19677;W1V9076371P354976;8AZ9608;ANO
19678;VF1VBU4J245211585;6L85241;ANO
19679;WF0XXXTTGXEJ14541;7AJ2699;ANO
19680;ZCFC150D605199626;4SI3985;ANO
19682;W1K3G8EB7PJ407065;2BZ4852;ANO
19683;ZCFC235A305110871;1AAK170;ANO
19684;ZCFCA50B305313791;7AU4799;ANO
19685;ZCFC135D205158603;6M31316;ANO
19686;ZCFC135C805057377;5M91002;ANO
19687;TMBJW9NP7M7008929;EL671ET;ANO
19688;VF1MA000965830954;8AI0162;ANO
19689;VF1VBU4Y254588923;1TT4562;ANO
19690;VXEYCBPHU12W60687;;ANO
19691;VF1FLAMA6BY394607;4P96991;ANO
19692;ZCFC150C405108084;4SA2325;ANO
19693;VF7YDUMAU12920472;;ANO
19694;ZFA25000002X80577;;ANO
19695;VF3YDUMAU12544135;;ANO
19696;ZCFC359300D433198;;ANO
19697;WF02XXTTG2EY56957;4SR0164;ANO
19698;WF0FXXTTGFGS09065;4SR7326;ANO
19699;ZCFC650D005423667;5SM3951;ANO
19700;1G1F91R79J0164363;7AR9826;ANO
19701;WDF4157031U210589;6AC2079;ANO
19702;W1VTBECZ5PU347947;7M64702;ANO
19703;WDD2052011F967040;7AZ3686;ANO
19704;W1VTBECZ3PU347946;7M64685;ANO
19706;VF1VB000662901417;;ANO
19707;WDB9061551N311433;5U00250;ANO
19708;TSMNZC72S00676132;5L16526;ANO
19709;TKXV31113GEBA3774;5L35224;ANO
19710;VR3EFBHYBJJ868639;7AS0370;ANO
19712;WDD2221631A170514;6AF9828;ANO
19713;6FPPXXMJ2PJA54055;5SV6453;ANO
19714;KMFAB17RPJK013266;7AF3846;ANO
19715;KMFAB17RPJK014020;5SI9296;ANO
19716;KMFAB17RPJK015029;7AR3351;ANO
19717;KMFAB17RPKK016601;7AX6057;ANO
19718;KMFAB17RPJK013264;7AI8736;ANO
19719;KMFAB17RPJK013263;7AF7244;ANO
19720;KMFAB17RPJK015026;7AV0095;ANO
19721;VF1MA000668970426;9C46881;ANO
19722;WV1ZZZ2KZLX107973;8AJ0056;ANO
19724;WDB9066331P353132;2BE2275;ANO
19725;WF0XXXTTGXGR11251;5E94412;ANO
19726;VF7YDCPFCPG032358;7J85419;ANO
19729;VF1RDB00074082790;7SH8037;ANO
19731;VF1VB000167448312;8H33103;ANO
19732;VF1VB000370514157;1AHL433;ANO
19733;KMFAC17RPJK000950;3SP5118;ANO
19739;ZCFC535C3N5503656;5SK6839;ANO
19740;ZCFC635C605469380;2BU0267;ANO
19741;ZFA25000002G83698;6H65688;ANO
19742;WF0XXXTTFXCD01113;6E74775;ANO
19743;ZCFCC35A805164633;4SE4537;ANO
19744;ZCFC165CX05018226;5SV1040;ANO
19745;W1V9076331P200004;;ANO
19748;WDB9071351N003566;3SV5237;ANO
19749;W1V9071551N175796;7M13819;ANO
19750;W1V9071551N118656;7M12872;ANO
19752;WF0FXXTTFF7U83992;5U10910;ANO
19753;WF0FXXTTFF6P45766;7B16293;ANO
19755;VF1VB000265830523;6L11520;ANO
19756;VF1MA000067536881;9C16977;ANO
19757;ZCFC735B305349203;9AL2492;ANO
19758;ZCFC135B005250100;8AS2307;ANO
19759;ZCFC735B405353714;9AL2564;ANO
19760;ZCFC135B505181775;8AA6877;ANO
19761;ZCFC135B805159172;8AT1240;ANO
19762;ZCFC135B205168787;8AJ5985;ANO
19763;ZCFC135B505157069;8AL0968;ANO
19764;ZCFC135B905252489;8AN2984;ANO
19765;ZCFC735B305397039;1AJT053;ANO
19766;ZCFC135B105251577;8AN9179;ANO
19767;ZCFC135B005263090;8AP1411;ANO
19768;ZCFC135B805265301;8AV6411;ANO
19769;ZCFC135B905294824;8AX5281;ANO
19770;ZCFC135B105288676;8AX5286;ANO
19771;ZCFC735BX05440601;9AA3670;ANO
19772;ZCFC735BX05458919;9AB1117;ANO
19773;ZCFC735B305364820;9AN1746;ANO
19774;ZFA26300006M54702;7AX8382;ANO
19775;WDB9106231P006761;7AB8237;ANO
19776;VF7YDCPFCPG024147;7J23664;ANO
19777;WV1ZZZ2EZG6044345;5AP1266;ANO
19779;ZCFC135D905134704;6H77175;ANO
19780;VF1JLNJA66Y163986;1ANN203;ANO
19781;VF7YAANFA12P58590;6J67451;ANO
19782;VF1JLNDA64Y051031;8U35333;ANO
19783;WDB9061311N385404;1AB7102;ANO
19784;WDB9061551N406943;3P95896;ANO
19785;VF1RDB00474858581;;ANO
19786;VSKHAAM20U0173138;7AE4197;ANO
19787;VF1RDB00874984099;;ANO
19788;VF1RDB00975199942;;ANO
19789;VF1RDB00575199937;;ANO
19790;WV1ZZZ2KZLX111541;9C13326;ANO
19791;ZCFC535D1L5333089;9AB6374;ANO
19792;VF1VB000X67854962;2BR4818;ANO
19793;VF1VB000668127375;9AD0999;ANO
19794;ZFA26300006D95688;5AY9557;ANO
19795;TMBYAB5J993117035;9A89487;ANO
19796;UU1KSDL3H48008224;3AE9842;ANO
19797;YARTDDEF9RG088584;EL583EZ;ANO
19798;WV2ZZZ2KZDX137572;;ANO
19799;VXEVFAHXKL7009295;5SC2661;ANO
19801;ZCFC3593005897060;9C01093;ANO
19802;ZCFC535D305398893;3BB6337;ANO
19803;ZCFC535C805456309;7J04706;ANO
19804;W0LVSL609HB126784;7E69788;ANO
19805;VF3YCUMFB12767995;4SR5354;ANO
19806;WMA04VUY0T9008491;1ALN459;ANO
19807;WBAYH31040EH48989;;ANO
19809;ZCFC165C105085538;3SV0578;ANO
19810;KMFAC17RPJK000953;3SV4572;ANO
19811;ZCFC135B705238414;7AV6756;ANO
19812;ZCFC150B505174909;9AY5133;ANO
19813;ZCFC250B705263345;7AI6032;ANO
19814;ZCFC150B405209701;7AD8627;ANO
19815;WBAKV210100N17163;8U38788;ANO
19816;VF6VG000067590923;;ANO
19817;WV3ZZZSZZJ9041619;9C06168;ANO
19818;W0LMRF2YAFB072439;8AU4810;ANO
19819;ZCFC50A400D509579;3SA8770;ANO
19820;VF1MA000358339020;6Z19686;ANO
19821;WDB9066331S391998;1BE7203;ANO
19825;ZCFCC35A205178995;5Z95993;ANO
19826;VF1VB000866278150;5SF7859;ANO
19828;TK92BELM3SMVA4057;6ST2265;ANO
19829;ZCFC135D1H5150598;8AR0094;ANO
19830;WF0XXXTTGXHJ59940;5SC6314;ANO
19831;ZCFC735B405389113;9AB5728;ANO
19836;WVGZZZ1TZ5W173980;6H25374;ANO
19841;WDB9066331P175545;1AIE665;ANO
19842;WDB9066351P297254;7SB4270;ANO
19843;WDB9066351S918389;6SU1224;ANO
19844;WDB9066331S556524;1AIA088;ANO
19847;WDB9066351P530347;6Z05602;ANO
19851;MBHHFD31S00204515;;ANO
19852;WV1ZZZSYZM9041617;6Z85284;ANO
19853;WV1ZZZSYZM9040546;6Z85285;ANO
19854;VF7YD3MFC12E87701;6AT4171;ANO
19856;VF1MAF4SF51103177;7AF4415;ANO
19859;VF7YC3MFC12J81400;9U82513;ANO
19860;VF1MA000071020492;1CA1286;ANO
19862;WDB9071351N056959;3SV5405;ANO
19863;VF3YD3MAU12F19410;6AP1333;ANO
19864;WDB9061331N655095;5SL6570;ANO
19866;ZCFC235A505100021;3SV1137;ANO
19867;W1V90713510000000;9AN1447;ANO
19868;WF0NXXTTFNDR01149;5SP6017;ANO
19871;ZFA25000002810419;8U16701;ANO
19872;WV2ZZZ7HZHH099272;7P49772;ANO
19873;W0VMR8603MB229088;6J60036;ANO
19875;ZCFC50A40D5950019;;ANO
19878;VF1MA000166742555;5SL7898;ANO
19880;ZFA25000002925288;1BI2931;ANO
19881;WDB9066131P285401;5AM1602;ANO
19882;WF0DXXTTGDEY52031;2BH5016;ANO
19884;W1V3KDFZ9SP794617;6SL1326;ANO
19887;TMBLM9NS9L8057304;8AD3846;ANO
19888;WV2ZZZ2KZFX067005;1APU337;ANO
19891;WDB9061551N304164;2BR9567;ANO
19892;W1V3KCFZ6PP543880;9AS6444;ANO
19893;WDB9076371P123697;6Z65572;ANO
19894;WDB9076371P177522;6Z77009;ANO
19895;WDB9076371P176489;6Z77008;ANO
19896;VF1FL000876747336;;ANO
19897;WF0XXXTTGXJM54659;1UY8808;ANO
19900;ZCFCG35A305446859;9AH7886;ANO
19901;ZCFCH35A005446508;9AH7885;ANO
19902;VF1VB000569836115;9AS0701;ANO
19903;VF1VB000469836137;9AR7894;ANO
19904;VF1VB000169836130;9AR3683;ANO
19905;VF1VB000269836119;9AR5623;ANO
19906;VF1VB000369836128;9AS0732;ANO
19907;VF1VB000569836132;9AR3682;ANO
19908;VF1VB000669836141;9AR3681;ANO
19909;VF1VB000769836116;9AS3697;ANO
19910;VF1VB000869836139;9AS3726;ANO
19911;VF1VB000869836142;9AS3727;ANO
19912;VF1VB000969836117;9AS3725;ANO
19913;VF1VB000969836134;9AS3698;ANO
19914;ZCFCL35A705563887;1AAK755;ANO
19915;ZCFCL35A005564668;1AAK764;ANO
19916;ZCFCL35A605565078;1AAX963;ANO
19917;ZCFCL35A705565896;1ACC124;ANO
19918;ZCFCL35A805566300;1ADB491;ANO
19919;ZCFCL35A305566754;1ADE689;ANO
19920;ZCFCL35A905568217;1ABF288;ANO
19921;ZCFCL35A705568216;1ABT145;ANO
19922;ZCFCL35A005560961;1ACJ405;ANO
19923;ZCFCL35A705561329;1ABK250;ANO
19924;ZCFCL35A905563888;1AAX960;ANO
19928;KMFAB17RPJK013191;8AX4990;ANO
19930;ZCFCE35B40D762601;;ANO
19931;ZCFC40A500D464895;;ANO
19932;ZCFCH35A605344033;8AB8770;ANO
19933;ZFA26300006R67474;8AD8432;ANO
19934;WDF44760513207672;5SF4770;ANO
19936;W1V9076331P439689;9AK7402;ANO
19937;W1V9076331P491697;1AAM421;ANO
19938;W1V9076371P446593;9AL4622;ANO
19939;W1V9076351P477926;9AM0018;ANO
19940;ZCFCG35A605445737;9AH2933;ANO
19941;ZCFCG35A505446099;9AH6680;ANO
19942;ZCFCG35A505446510;9AF5733;ANO
19943;ZCFCG35A305448191;6SY1834;ANO
19944;ZCFCH35A105447490;9AF3374;ANO
19945;ZCFCG35A105446858;1AJN874;ANO
19946;ZCFC335F105249812;8P81575;ANO
19947;VF1VB000467725793;9P07946;ANO
19949;VF1RDB00X75802834;;ANO
19950;ZFA25000002C96735;8AU6759;ANO
19951;ZCFC150D405151851;6Z11509;ANO
19952;UU1F6720264797821;8AB0453;ANO
19955;VF3VFEHTMMZ115960;;ANO
19957;WDB9061351N452253;1AY6392;ANO
19958;VF3YBTMGB12264076;;ANO
19959;VF3YBTMGB12266888;;ANO
19960;VF1VBU4Z251560549;5Z56676;ANO
19961;WDB9066351S749337;1BL0623;ANO
19962;ZCFA880B202726842;;ANO
19963;ZCFA880B202726534;;ANO
19964;ZCFA880B002726533;;ANO
19965;ZCFC408100D301478;7AJ2563;ANO
19967;VF3YD3MAU12F22442;6AP5127;ANO
19968;WDB9061551N554375;9B38573;ANO
19970;ZFA25000002790960;8AT4371;ANO
19971;VF1MA000567190925;6SI9689;ANO
19972;VF1VBU4S150174654;;ANO
19976;WDB9061351N590407;4AD8428;ANO
19977;YARTDF6A0RMA47635;3BK8560;ANO
19978;ZFA25000002460909;5P77784;ANO
19979;ZFA25000001959443;2E66778;ANO
19983;VF1MA000468313043;6SN2958;ANO
19984;VF1FL000061249532;7AC6140;ANO
19985;VF1FL000757648546;7C71493;ANO
19986;ZCFC335B605297092;6ST9595;ANO
19987;WV2ZZZ2KZJX004624;6AL8572;ANO
19995;WDB9066351S157461;4T05506;ANO
19996;ZCFC135BX05256728;5SR8343;ANO
19997;ZCFC135B105257623;5ST9092;ANO
19998;VF1RDB00475802828;;ANO
20001;VF3YC2MFC12K56248;7AK7361;ANO
20002;ZCFC135B705310471;4SX4230;ANO
20005;WF0XXXTTFXAR49501;5J96714;ANO
20007;VWASXTF24J7211411;7AH8584;ANO
20008;ZCFC50A400D527826;3SE4502;ANO
20019;VF1MA000466961395;2TN3491;ANO
20020;ZFA25000002P06817;1TV1811;ANO
20022;WV1ZZZ2FZF7009303;4AV0103;ANO
20023;WV1ZZZ2FZD7007367;3AL9533;ANO
20025;WMA03VUY6J9007376;5L76606;ANO
20026;MMCJJKL60LH005154;6L37945;ANO
20027;WDB9061351N610169;6SE3333;ANO
20028;ZCFC50A4005984007;6E12812;ANO
